osmid_from,to,osmid,street_name,highway,lanes,maxspeed,oneway,reversed,length,bridge,service,access,crossing,crossing_markings,surface,lit,sidewalk,latitude,longitude,street_count,footway,busy_score,is_busy,pedestrian_friendly_score,is_pedestrian_friendly
416694987,6463584760,67222638,Munsee Street North,secondary,2.0,50.0,False,False,6.114354516914986,no,Other,Other,no,no marking,asphalt,yes,right,42.9512063,-79.856181,4,sidewalk,0,Not Busy,4,Pedestrian Friendly
416694987,6463584763,67222638,Munsee Street North,secondary,2.0,50.0,False,True,9.588805044425742,no,Other,Other,no,no marking,asphalt,yes,right,42.9512063,-79.856181,4,sidewalk,0,Not Busy,4,Pedestrian Friendly
416694987,6463584766,67226665,Kerr Street East,residential,2.0,53.035714285714285,False,True,9.44680865761238,no,Other,Other,no,no marking,asphalt,no,no,42.9512063,-79.856181,4,sidewalk,1,Not Busy,2,Not Pedestrian Friendly
416694987,6463584750,67225880,Kerr Street West,residential,2.0,53.035714285714285,False,True,111.90802481019826,no,Other,Other,no,no marking,asphalt,no,no,42.9512063,-79.856181,4,sidewalk,1,Not Busy,2,Not Pedestrian Friendly
416695612,4087046866,67222638,Munsee Street North,secondary,2.0,50.0,False,False,34.66142595747733,no,Other,Other,no,no marking,asphalt,yes,right,42.9537844,-79.857347,4,sidewalk,0,Not Busy,4,Pedestrian Friendly
416695612,416698555,67222638,Munsee Street North,secondary,2.0,50.0,False,True,102.55300819775778,no,Other,Other,no,no marking,asphalt,yes,right,42.9537844,-79.857347,4,sidewalk,0,Not Busy,4,Pedestrian Friendly
416695612,811747669,67222694,Echo Street East,residential,2.0,53.035714285714285,False,False,122.1868614527576,no,Other,Other,no,no marking,asphalt,no,no,42.9537844,-79.857347,4,sidewalk,1,Not Busy,2,Not Pedestrian Friendly
416695612,4087046855,67223587,Echo Street West,residential,2.0,53.035714285714285,False,True,83.17813314500263,no,Other,Other,no,no marking,asphalt,no,no,42.9537844,-79.857347,4,sidewalk,1,Not Busy,2,Not Pedestrian Friendly
416696374,811783975,67226042,Latham Street,residential,2.0,53.035714285714285,False,True,124.46176449195237,no,Other,Other,no,no marking,asphalt,no,no,42.9589493,-79.8600526,3,sidewalk,1,Not Busy,2,Not Pedestrian Friendly
416696374,7168038590,67226303,Highway 54 Haldimand,secondary,2.0,70.0,False,False,347.9622966756693,no,Other,Other,no,no marking,asphalt,no,no,42.9589493,-79.8600526,3,sidewalk,1,Not Busy,2,Not Pedestrian Friendly
416696374,416697040,67223997,Munsee Street North,secondary,2.0,70.0,False,True,163.24394832527423,no,Other,Other,no,no marking,asphalt,no,no,42.9589493,-79.8600526,3,sidewalk,1,Not Busy,2,Not Pedestrian Friendly
416696374,416697040,391850111,Munsee Street North,secondary,2.0,70.0,False,True,163.24394832527423,no,Other,Other,no,no marking,asphalt,no,no,42.9589493,-79.8600526,3,sidewalk,1,Not Busy,2,Not Pedestrian Friendly
416697040,3912831202,1013604447,Indian Street East,residential,2.0,53.035714285714285,False,False,8.091323516236338,no,Other,Other,no,no marking,asphalt,no,no,42.9576396,-79.8591565,3,sidewalk,1,Not Busy,2,Not Pedestrian Friendly
416697040,416699005,67222819,Munsee Street North,secondary,2.0,50.0,False,True,233.1085951630102,yes,Other,Other,no,no marking,asphalt,no,no,42.9576396,-79.8591565,3,sidewalk,1,Not Busy,2,Not Pedestrian Friendly
416697040,416699005,67223628,Munsee Street North,secondary,2.0,50.0,False,True,233.1085951630102,yes,Other,Other,no,no marking,asphalt,no,no,42.9576396,-79.8591565,3,sidewalk,1,Not Busy,2,Not Pedestrian Friendly
416697040,416699005,1013604446,Munsee Street North,secondary,2.0,50.0,False,True,233.1085951630102,yes,Other,Other,no,no marking,asphalt,yes,right,42.9576396,-79.8591565,3,sidewalk,1,Not Busy,4,Pedestrian Friendly
416697040,416696374,67223997,Munsee Street North,secondary,2.0,70.0,False,False,163.24394832527423,no,Other,Other,no,no marking,asphalt,no,no,42.9576396,-79.8591565,3,sidewalk,1,Not Busy,2,Not Pedestrian Friendly
416697040,416696374,391850111,Munsee Street North,secondary,2.0,70.0,False,False,163.24394832527423,no,Other,Other,no,no marking,asphalt,no,no,42.9576396,-79.8591565,3,sidewalk,1,Not Busy,2,Not Pedestrian Friendly
416698555,416695612,67222638,Munsee Street North,secondary,2.0,50.0,False,False,102.55300819775778,no,Other,Other,no,no marking,asphalt,yes,right,42.952907,-79.8569587,4,sidewalk,0,Not Busy,4,Pedestrian Friendly
416698555,6463584754,67222638,Munsee Street North,secondary,2.0,50.0,False,True,91.06050490234276,no,Other,Other,no,no marking,asphalt,yes,right,42.952907,-79.8569587,4,sidewalk,0,Not Busy,4,Pedestrian Friendly
416698555,3951688536,67225816,Norton Street West,residential,2.0,53.035714285714285,False,True,112.55185311293693,no,Other,Other,no,no marking,asphalt,no,right,42.952907,-79.8569587,4,sidewalk,1,Not Busy,3,Not Pedestrian Friendly
416698555,811778192,67227293,Norton Street East,residential,2.0,53.035714285714285,False,False,122.54262626985997,no,Other,Other,no,no marking,asphalt,no,no,42.952907,-79.8569587,4,sidewalk,1,Not Busy,2,Not Pedestrian Friendly
416699005,4087046875,67222638,Munsee Street North,secondary,2.0,50.0,False,True,153.07406585260574,no,Other,Other,no,no marking,asphalt,yes,right,42.95567,-79.858177,4,sidewalk,0,Not Busy,4,Pedestrian Friendly
416699005,7168038498,67224878,Victoria Street,residential,2.0,53.035714285714285,False,True,57.90397435857085,no,Other,Other,no,no marking,asphalt,no,no,42.95567,-79.858177,4,sidewalk,1,Not Busy,2,Not Pedestrian Friendly
416699005,6463579940,689055743,Munsee Street North,footway,1.0,53.035714285714285,False,True,70.90222720601437,no,Other,Other,no,no marking,no,no,no,42.95567,-79.858177,4,sidewalk,1,Not Busy,1,Not Pedestrian Friendly
416699005,416697040,67222819,Munsee Street North,secondary,2.0,50.0,False,False,233.1085951630102,yes,Other,Other,no,no marking,asphalt,no,no,42.95567,-79.858177,4,sidewalk,1,Not Busy,2,Not Pedestrian Friendly
416699005,416697040,67223628,Munsee Street North,secondary,2.0,50.0,False,False,233.1085951630102,yes,Other,Other,no,no marking,asphalt,no,no,42.95567,-79.858177,4,sidewalk,1,Not Busy,2,Not Pedestrian Friendly
416699005,416697040,1013604446,Munsee Street North,secondary,2.0,50.0,False,False,233.1085951630102,yes,Other,Other,no,no marking,asphalt,yes,right,42.95567,-79.858177,4,sidewalk,1,Not Busy,4,Pedestrian Friendly
416699079,811751549,67223086,Highway 3,primary,2.0,60.0,False,False,378.0994027761242,no,Other,Other,no,no marking,asphalt,no,none,42.9471699,-79.8686486,4,sidewalk,1,Not Busy,2,Not Pedestrian Friendly
416699079,7270847031,67222947,River Road,residential,2.0,53.035714285714285,False,True,171.98499082916172,no,Other,Other,no,no marking,asphalt,no,none,42.9471699,-79.8686486,4,sidewalk,1,Not Busy,2,Not Pedestrian Friendly
416699079,416701237,67224617,River Road,residential,2.0,60.0,False,False,476.3866090505984,no,Other,Other,no,no marking,no,no,no,42.9471699,-79.8686486,4,sidewalk,1,Not Busy,1,Not Pedestrian Friendly
416701237,811775022,67222778,King George Street,residential,2.0,53.035714285714285,False,False,783.6863327951698,no,Other,Other,no,no marking,unpaved,no,no,42.9501915,-79.872798,3,sidewalk,2,Not Busy,1,Not Pedestrian Friendly
416701237,811775022,67226716,King George Street,residential,2.0,53.035714285714285,False,False,783.6863327951698,no,Other,Other,no,no marking,unpaved,no,no,42.9501915,-79.872798,3,sidewalk,2,Not Busy,1,Not Pedestrian Friendly
416701237,416699079,67224617,River Road,residential,2.0,60.0,False,True,476.3866090505984,no,Other,Other,no,no marking,no,no,no,42.9501915,-79.872798,3,sidewalk,1,Not Busy,1,Not Pedestrian Friendly
416701631,811756186,66929818,"['Thorburn Street South', 'Haldimand Road 17']",secondary,2.0,53.035714285714285,False,False,1477.303637007003,no,Other,Other,no,no marking,no,no,no,42.9355573,-79.8367023,1,sidewalk,2,Not Busy,1,Not Pedestrian Friendly
416701631,811756186,67225626,"['Thorburn Street South', 'Haldimand Road 17']",secondary,2.0,53.035714285714285,False,False,1477.303637007003,no,Other,Other,no,no marking,asphalt,no,none,42.9355573,-79.8367023,1,sidewalk,2,Not Busy,2,Not Pedestrian Friendly
416701631,811756186,67227122,"['Thorburn Street South', 'Haldimand Road 17']",secondary,2.0,53.035714285714285,False,False,1477.303637007003,no,Other,Other,no,no marking,asphalt,no,none,42.9355573,-79.8367023,1,sidewalk,2,Not Busy,2,Not Pedestrian Friendly
416701980,811779065,67222720,River Road,residential,2.0,53.035714285714285,False,False,1024.575175760286,no,Other,Other,no,no marking,asphalt,no,none,42.935141,-79.8552529,1,sidewalk,2,Not Busy,2,Not Pedestrian Friendly
416702244,6463584754,67222638,Munsee Street North,secondary,2.0,50.0,False,False,8.986353738651104,no,Other,Other,no,no marking,asphalt,yes,right,42.9520565,-79.8565576,4,sidewalk,0,Not Busy,4,Pedestrian Friendly
416702244,6463584757,67222638,Munsee Street North,secondary,2.0,50.0,False,True,9.292623505152172,no,Other,Other,no,no marking,asphalt,yes,right,42.9520565,-79.8565576,4,sidewalk,0,Not Busy,4,Pedestrian Friendly
416702244,6463584749,67223286,Mohawk Street West,residential,2.0,53.035714285714285,False,True,113.72683399922788,no,Other,Other,no,no marking,asphalt,no,no,42.9520565,-79.8565576,4,sidewalk,1,Not Busy,2,Not Pedestrian Friendly
416702244,811754035,67223312,Mohawk Street East,residential,2.0,53.035714285714285,False,False,121.60645286547393,no,Other,Other,no,no marking,asphalt,no,no,42.9520565,-79.8565576,4,sidewalk,1,Not Busy,2,Not Pedestrian Friendly
705613710,7168038632,687284961,"['Grand Vista Trail', 'Grand Vista']",footway,1.0,53.035714285714285,False,True,570.9200535015549,yes,Other,Other,no,no marking,no,no,no,42.9542708,-79.8643493,1,sidewalk,3,Busy,1,Not Pedestrian Friendly
705613710,7168038632,1330449866,"['Grand Vista Trail', 'Grand Vista']",footway,1.0,53.035714285714285,False,True,570.9200535015549,yes,Other,Other,no,no marking,no,no,no,42.9542708,-79.8643493,1,sidewalk,3,Busy,1,Not Pedestrian Friendly
705613710,7168038632,687284959,"['Grand Vista Trail', 'Grand Vista']",footway,1.0,53.035714285714285,False,True,570.9200535015549,yes,Other,Other,no,no marking,no,no,no,42.9542708,-79.8643493,1,sidewalk,3,Busy,1,Not Pedestrian Friendly
811747669,811778568,67222694,Echo Street East,residential,2.0,53.035714285714285,False,False,239.0044838401416,no,Other,Other,no,no marking,asphalt,no,no,42.9541484,-79.8559304,4,sidewalk,1,Not Busy,2,Not Pedestrian Friendly
811747669,416695612,67222694,Echo Street East,residential,2.0,53.035714285714285,False,True,122.1868614527576,no,Other,Other,no,no marking,asphalt,no,no,42.9541484,-79.8559304,4,sidewalk,1,Not Busy,2,Not Pedestrian Friendly
811747669,811777251,67224605,Winnett Street North,residential,2.0,53.035714285714285,False,False,300.53202328600923,no,Other,Other,no,no marking,asphalt,no,no,42.9541484,-79.8559304,4,sidewalk,1,Not Busy,2,Not Pedestrian Friendly
811747669,811778192,67224605,Winnett Street North,residential,2.0,53.035714285714285,False,True,101.59585728515276,no,Other,Other,no,no marking,asphalt,no,no,42.9541484,-79.8559304,4,sidewalk,1,Not Busy,2,Not Pedestrian Friendly
811747885,811782318,67224237,Fishcarrier Street North,residential,2.0,53.035714285714285,False,True,145.59378479508285,no,Other,Other,no,no marking,asphalt,no,no,42.9568942,-79.8540528,3,sidewalk,1,Not Busy,2,Not Pedestrian Friendly
811748222,811782318,67222824,Obadiah Street,residential,2.0,53.035714285714285,False,False,59.30826699531772,no,Other,Other,no,no marking,asphalt,no,no,42.9555361,-79.8542251,1,sidewalk,1,Not Busy,2,Not Pedestrian Friendly
811748224,811767102,67223305,Tuscarora Street West,residential,2.0,53.035714285714285,False,False,115.19452359209512,no,Other,Other,no,no marking,asphalt,no,no,42.9462692,-79.8604646,3,sidewalk,1,Not Busy,2,Not Pedestrian Friendly
811748224,811757177,67222625,Ouse Street,residential,2.0,53.035714285714285,False,False,203.57503724113005,no,Other,Other,no,no marking,asphalt,no,no,42.9462692,-79.8604646,3,sidewalk,1,Not Busy,2,Not Pedestrian Friendly
811748224,811759820,67222625,Ouse Street,residential,2.0,53.035714285714285,False,True,105.60045611810732,no,Other,Other,no,no marking,asphalt,no,no,42.9462692,-79.8604646,3,sidewalk,1,Not Busy,2,Not Pedestrian Friendly
811749702,811761633,67223431,Cayuga Street South,residential,2.0,53.035714285714285,False,False,67.60216799564458,no,Other,Other,no,no marking,asphalt,no,no,42.9486304,-79.8588398,3,sidewalk,1,Not Busy,2,Not Pedestrian Friendly
811749702,811778739,67223431,Cayuga Street South,residential,2.0,53.035714285714285,False,True,75.51632012979164,no,Other,Other,no,no marking,asphalt,no,no,42.9486304,-79.8588398,3,sidewalk,1,Not Busy,2,Not Pedestrian Friendly
811749702,811784572,67224556,McKay Street West,residential,2.0,53.035714285714285,False,False,55.98894779742528,no,Other,Other,no,no marking,asphalt,no,no,42.9486304,-79.8588398,3,sidewalk,1,Not Busy,2,Not Pedestrian Friendly
811750159,3912831202,67223970,Indian Street East,residential,2.0,53.035714285714285,False,True,359.9547501665451,no,Other,Other,no,no marking,asphalt,no,no,42.9582543,-79.8549435,1,sidewalk,1,Not Busy,2,Not Pedestrian Friendly
811750529,811777026,67223459,Railton Road,residential,2.0,53.035714285714285,False,True,47.54483077852954,no,Other,Other,no,no marking,asphalt,no,no,42.9441595,-79.8452561,1,sidewalk,1,Not Busy,2,Not Pedestrian Friendly
811751549,416699079,67223086,Highway 3,primary,2.0,60.0,False,True,378.0994027761242,no,Other,Other,no,no marking,asphalt,no,none,42.9482428,-79.8642405,3,sidewalk,1,Not Busy,2,Not Pedestrian Friendly
811751549,811775022,67226632,Maple Road,residential,2.0,53.035714285714285,False,False,255.2605397532159,no,Other,Other,no,no marking,asphalt,no,none,42.9482428,-79.8642405,3,sidewalk,1,Not Busy,2,Not Pedestrian Friendly
811751549,811775022,67226790,Maple Road,residential,2.0,53.035714285714285,False,False,255.2605397532159,no,Other,Other,no,no marking,asphalt,no,no,42.9482428,-79.8642405,3,sidewalk,1,Not Busy,2,Not Pedestrian Friendly
811751549,811766886,391907401,"['Highway 3', 'Talbot Street West']",primary,2.0,60.0,False,False,371.24926579399823,yes,Other,Other,no,no marking,asphalt,no,none,42.9482428,-79.8642405,3,sidewalk,2,Not Busy,2,Not Pedestrian Friendly
811751549,811766886,67223395,"['Highway 3', 'Talbot Street West']",primary,2.0,60.0,False,False,371.24926579399823,yes,Other,Other,no,no marking,asphalt,no,no,42.9482428,-79.8642405,3,sidewalk,2,Not Busy,2,Not Pedestrian Friendly
811751549,811766886,332885844,"['Highway 3', 'Talbot Street West']",primary,2.0,60.0,False,False,371.24926579399823,yes,Other,Other,no,no marking,no,no,no,42.9482428,-79.8642405,3,sidewalk,2,Not Busy,1,Not Pedestrian Friendly
811751861,811754035,67223312,Mohawk Street East,residential,2.0,53.035714285714285,False,True,195.68584166438015,no,Other,Other,no,no marking,asphalt,no,no,42.9529922,-79.8528748,1,sidewalk,1,Not Busy,2,Not Pedestrian Friendly
811751988,811767501,67223822,King Street,residential,2.0,53.035714285714285,False,False,20.35809487427305,no,Other,Other,no,no marking,asphalt,no,no,42.9505194,-79.8592557,3,sidewalk,1,Not Busy,2,Not Pedestrian Friendly
811751988,7158861376,67223822,King Street,residential,2.0,53.035714285714285,False,True,20.474004221539005,no,Other,Other,no,no marking,asphalt,no,no,42.9505194,-79.8592557,3,sidewalk,1,Not Busy,2,Not Pedestrian Friendly
811751988,7158861367,766496830,King Street,service,1.0,53.035714285714285,False,True,9.321749149,no,parking_aisle,Other,no,no marking,asphalt,no,no,42.9505194,-79.8592557,3,sidewalk,1,Not Busy,2,Not Pedestrian Friendly
811752200,811778543,67223545,Martin Street,residential,2.0,53.035714285714285,False,False,119.10744281104732,no,Other,Other,no,no marking,asphalt,no,no,42.9534502,-79.8509538,3,sidewalk,1,Not Busy,2,Not Pedestrian Friendly
811752200,811755655,67223545,Martin Street,residential,2.0,53.035714285714285,False,True,201.9321509763694,no,Other,Other,no,no marking,asphalt,no,no,42.9534502,-79.8509538,3,sidewalk,1,Not Busy,2,Not Pedestrian Friendly
811752200,811776910,67225082,"['Mohawk Street East', 'Johnson Street']",residential,2.0,53.035714285714285,False,False,318.2115245833087,no,Other,Other,no,no marking,asphalt,no,no,42.9534502,-79.8509538,3,sidewalk,1,Not Busy,2,Not Pedestrian Friendly
811752200,811776910,67225693,"['Mohawk Street East', 'Johnson Street']",residential,2.0,53.035714285714285,False,False,318.2115245833087,no,Other,Other,no,no marking,asphalt,no,no,42.9534502,-79.8509538,3,sidewalk,1,Not Busy,2,Not Pedestrian Friendly
811752903,7158861240,67223887,Joseph Street West,residential,2.0,53.035714285714285,False,True,66.69269303858049,no,Other,Other,no,no marking,asphalt,no,no,42.9438083,-79.8512067,3,sidewalk,1,Not Busy,2,Not Pedestrian Friendly
811752903,811762195,67227230,"['South End Drive', 'Sunset Lane']",residential,2.0,53.035714285714285,False,True,215.69817940522373,no,Other,Other,no,no marking,asphalt,no,no,42.9438083,-79.8512067,3,sidewalk,1,Not Busy,2,Not Pedestrian Friendly
811752903,811762195,67223127,"['South End Drive', 'Sunset Lane']",residential,2.0,53.035714285714285,False,True,215.69817940522373,no,Other,Other,no,no marking,asphalt,no,no,42.9438083,-79.8512067,3,sidewalk,1,Not Busy,2,Not Pedestrian Friendly
811752903,811756186,67223887,Joseph Street West,residential,2.0,53.035714285714285,False,False,117.08882601519696,no,Other,Other,no,no marking,asphalt,no,no,42.9438083,-79.8512067,3,sidewalk,1,Not Busy,2,Not Pedestrian Friendly
811753097,811754697,67223061,Ottawa Street South,residential,2.0,53.035714285714285,False,False,104.76733604268615,no,Other,Other,no,no marking,asphalt,no,no,42.9482368,-79.8563954,4,sidewalk,1,Not Busy,2,Not Pedestrian Friendly
811753097,811781696,67223061,Ottawa Street South,residential,2.0,53.035714285714285,False,True,96.22041385051168,no,Other,Other,no,no marking,asphalt,no,no,42.9482368,-79.8563954,4,sidewalk,1,Not Busy,2,Not Pedestrian Friendly
811753097,6463584717,67227265,Brant Street West,residential,2.0,53.035714285714285,False,False,9.424228112326425,no,Other,Other,no,no marking,asphalt,no,no,42.9482368,-79.8563954,4,sidewalk,1,Not Busy,2,Not Pedestrian Friendly
811753097,6463584722,67227265,Brant Street West,residential,2.0,53.035714285714285,False,True,7.509817213059621,no,Other,Other,no,no marking,asphalt,no,no,42.9482368,-79.8563954,4,sidewalk,1,Not Busy,2,Not Pedestrian Friendly
811753650,811775136,67223718,Ottawa Street North,residential,2.0,53.035714285714285,False,False,46.02153788575956,no,Other,Other,no,no marking,asphalt,no,no,42.9521665,-79.8581912,3,sidewalk,1,Not Busy,2,Not Pedestrian Friendly
811753650,811774790,67223718,Ottawa Street North,residential,2.0,53.035714285714285,False,True,57.28502865678129,no,Other,Other,no,no marking,asphalt,no,no,42.9521665,-79.8581912,3,sidewalk,1,Not Busy,2,Not Pedestrian Friendly
811753650,811766415,766496840,Cayuga Street North,residential,2.0,53.035714285714285,False,True,67.80661842840422,no,Other,Other,no,no marking,asphalt,no,no,42.9521665,-79.8581912,3,sidewalk,1,Not Busy,2,Not Pedestrian Friendly
811753766,6463579937,67223587,Echo Street West,residential,2.0,53.035714285714285,False,False,62.59218520474314,no,Other,Other,no,no marking,asphalt,no,no,42.9532497,-79.8595957,1,sidewalk,1,Not Busy,2,Not Pedestrian Friendly
811754035,811751861,67223312,Mohawk Street East,residential,2.0,53.035714285714285,False,False,195.68584166438015,no,Other,Other,no,no marking,asphalt,no,no,42.9524297,-79.8551531,4,sidewalk,1,Not Busy,2,Not Pedestrian Friendly
811754035,811778192,67224605,Winnett Street North,residential,2.0,53.035714285714285,False,False,99.71411543548103,no,Other,Other,no,no marking,asphalt,no,no,42.9524297,-79.8551531,4,sidewalk,1,Not Busy,2,Not Pedestrian Friendly
811754035,811755817,67224605,Winnett Street North,residential,2.0,53.035714285714285,False,True,102.55071487730088,no,Other,Other,no,no marking,asphalt,no,no,42.9524297,-79.8551531,4,sidewalk,1,Not Busy,2,Not Pedestrian Friendly
811754035,416702244,67223312,Mohawk Street East,residential,2.0,53.035714285714285,False,True,121.60645286547393,no,Other,Other,no,no marking,asphalt,no,no,42.9524297,-79.8551531,4,sidewalk,1,Not Busy,2,Not Pedestrian Friendly
811754260,811766857,67222702,Commodore Road,residential,2.0,53.035714285714285,False,False,94.65266403340536,no,Other,Other,no,no marking,asphalt,no,no,42.9442932,-79.8467928,3,sidewalk,1,Not Busy,2,Not Pedestrian Friendly
811754260,6463602031,67222702,Commodore Road,residential,2.0,53.035714285714285,False,True,64.43908642975633,no,Other,Other,no,no marking,asphalt,no,no,42.9442932,-79.8467928,3,sidewalk,1,Not Busy,2,Not Pedestrian Friendly
811754260,2516245715,67225535,Essex Road,residential,2.0,53.035714285714285,False,False,103.60487866322546,no,Other,Other,no,no marking,asphalt,no,no,42.9442932,-79.8467928,3,sidewalk,1,Not Busy,2,Not Pedestrian Friendly
811754697,811753097,67223061,Ottawa Street South,residential,2.0,53.035714285714285,False,True,104.76733604268615,no,Other,Other,no,no marking,asphalt,no,no,42.9491323,-79.8567956,4,sidewalk,1,Not Busy,2,Not Pedestrian Friendly
811754697,6463584716,67224556,McKay Street West,residential,2.0,53.035714285714285,False,False,7.80639627,no,Other,Other,no,no marking,asphalt,no,no,42.9491323,-79.8567956,4,sidewalk,1,Not Busy,2,Not Pedestrian Friendly
811754697,6463584712,67223061,Ottawa Street South,residential,2.0,53.035714285714285,False,False,90.08393080379996,no,Other,Other,no,no marking,asphalt,no,no,42.9491323,-79.8567956,4,sidewalk,1,Not Busy,2,Not Pedestrian Friendly
811754697,6463584707,67224556,McKay Street West,residential,2.0,53.035714285714285,False,True,113.15607885260242,no,Other,Other,no,no marking,asphalt,no,no,42.9491323,-79.8567956,4,sidewalk,1,Not Busy,2,Not Pedestrian Friendly
811754844,7158861394,67222714,Thorburn Street South,secondary,2.0,53.035714285714285,False,False,112.32887851943006,no,Other,Other,no,no marking,asphalt,no,no,42.9458646,-79.8506169,4,sidewalk,1,Not Busy,2,Not Pedestrian Friendly
811754844,2516245716,67222714,Thorburn Street South,secondary,2.0,53.035714285714285,False,True,62.64045158,no,Other,Other,no,no marking,asphalt,no,no,42.9458646,-79.8506169,4,sidewalk,1,Not Busy,2,Not Pedestrian Friendly
811754844,7158840219,67223564,Princess Street East,residential,2.0,53.035714285714285,False,False,7.702973001460058,no,Other,Other,no,no marking,unpaved,no,no,42.9458646,-79.8506169,4,sidewalk,1,Not Busy,1,Not Pedestrian Friendly
811754844,7158861392,766496832,Thorburn Street South,service,1.0,53.035714285714285,False,True,36.39507577566257,no,parking_aisle,Other,no,no marking,asphalt,no,no,42.9458646,-79.8506169,4,sidewalk,1,Not Busy,2,Not Pedestrian Friendly
811755192,4087046855,67223587,Echo Street West,residential,2.0,53.035714285714285,False,False,36.94129671807506,no,Other,Other,no,no marking,asphalt,no,no,42.9534492,-79.8587501,4,sidewalk,1,Not Busy,2,Not Pedestrian Friendly
811755192,6463579937,67223587,Echo Street West,residential,2.0,53.035714285714285,False,True,9.71369343095006,no,Other,Other,no,no marking,asphalt,no,no,42.9534492,-79.8587501,4,sidewalk,1,Not Busy,2,Not Pedestrian Friendly
811755192,6463579950,67227306,Ottawa Street North,residential,2.0,53.035714285714285,False,True,23.288468340535783,no,Other,Other,no,no marking,asphalt,no,left,42.9534492,-79.8587501,4,sidewalk,1,Not Busy,3,Not Pedestrian Friendly
811755192,4087046859,406657486,Echo Street West,service,1.0,53.035714285714285,False,True,31.12364735004035,no,parking_aisle,Other,no,no marking,asphalt,no,no,42.9534492,-79.8587501,4,sidewalk,1,Not Busy,2,Not Pedestrian Friendly
811755655,7158861398,67222822,Talbot Street East,primary,2.0,50.0,False,False,62.31670075386815,no,Other,Other,no,no marking,asphalt,no,no,42.9517223,-79.8501903,4,sidewalk,0,Not Busy,2,Not Pedestrian Friendly
811755655,811752200,67223545,Martin Street,residential,2.0,53.035714285714285,False,False,201.9321509763694,no,Other,Other,no,no marking,asphalt,no,no,42.9517223,-79.8501903,4,sidewalk,1,Not Busy,2,Not Pedestrian Friendly
811755655,7158861403,406657487,Talbot Street East,service,1.0,53.035714285714285,False,False,28.299556443139384,no,parking_aisle,Other,no,no marking,asphalt,no,no,42.9517223,-79.8501903,4,sidewalk,1,Not Busy,2,Not Pedestrian Friendly
811755655,811765499,501561429,Talbot Street East,primary,2.0,50.0,False,True,239.15970561166856,no,Other,Other,no,no marking,asphalt,yes,no,42.9517223,-79.8501903,4,sidewalk,0,Not Busy,3,Not Pedestrian Friendly
811755781,811774790,67223718,Ottawa Street North,residential,2.0,53.035714285714285,False,False,97.37598611714265,no,Other,Other,no,no marking,asphalt,no,no,42.9508423,-79.8576098,4,sidewalk,1,Not Busy,2,Not Pedestrian Friendly
811755781,811756661,67223718,Ottawa Street North,residential,2.0,53.035714285714285,False,True,53.56958035,no,Other,Other,no,no marking,asphalt,no,no,42.9508423,-79.8576098,4,sidewalk,1,Not Busy,2,Not Pedestrian Friendly
811755781,6463584750,67225880,Kerr Street West,residential,2.0,53.035714285714285,False,False,11.221352734148216,no,Other,Other,no,no marking,asphalt,no,no,42.9508423,-79.8576098,4,sidewalk,1,Not Busy,2,Not Pedestrian Friendly
811755781,6463579966,689055750,Ottawa Street North,footway,1.0,53.035714285714285,False,True,49.538481602078576,no,Other,Other,no,no marking,no,no,no,42.9508423,-79.8576098,4,sidewalk,1,Not Busy,1,Not Pedestrian Friendly
811755817,811754035,67224605,Winnett Street North,residential,2.0,53.035714285714285,False,False,102.55071487730088,no,Other,Other,no,no marking,asphalt,no,no,42.9515523,-79.8547649,4,sidewalk,1,Not Busy,2,Not Pedestrian Friendly
811755817,7158861335,67224605,Winnett Street North,residential,2.0,53.035714285714285,False,True,61.06509738799529,no,Other,Other,no,no marking,asphalt,no,no,42.9515523,-79.8547649,4,sidewalk,1,Not Busy,2,Not Pedestrian Friendly
811755817,7158840221,67226665,Kerr Street East,residential,2.0,53.035714285714285,False,True,4.991161479786151,no,Other,Other,no,no marking,asphalt,no,no,42.9515523,-79.8547649,4,sidewalk,1,Not Busy,2,Not Pedestrian Friendly
811755817,6463584766,67226665,Kerr Street East,residential,2.0,53.035714285714285,False,False,112.05771272917409,no,Other,Other,no,no marking,asphalt,no,no,42.9515523,-79.8547649,4,sidewalk,1,Not Busy,2,Not Pedestrian Friendly
811756161,9525603774,1033983667,Seneca Street South,service,1.0,53.035714285714285,False,False,10.46782626567278,no,parking_aisle,destination,no,no marking,asphalt,no,no,42.9492079,-79.8584135,3,sidewalk,1,Not Busy,2,Not Pedestrian Friendly
811756161,811761633,67222684,Seneca Street South,residential,2.0,53.035714285714285,False,False,28.548961123037166,no,Other,Other,no,no marking,asphalt,no,no,42.9492079,-79.8584135,3,sidewalk,1,Not Busy,2,Not Pedestrian Friendly
811756161,811784572,67222684,Seneca Street South,residential,2.0,53.035714285714285,False,True,51.52482119019127,no,Other,Other,no,no marking,asphalt,no,no,42.9492079,-79.8584135,3,sidewalk,1,Not Busy,2,Not Pedestrian Friendly
811756186,6463602013,67222714,Thorburn Street South,secondary,2.0,53.035714285714285,False,False,7.774131297,no,Other,Other,no,no marking,asphalt,no,no,42.9441368,-79.84984,4,sidewalk,1,Not Busy,2,Not Pedestrian Friendly
811756186,811776126,67223239,Joseph Street East,residential,2.0,53.035714285714285,False,False,67.22339040545947,no,Other,Other,no,no marking,asphalt,no,no,42.9441368,-79.84984,4,sidewalk,1,Not Busy,2,Not Pedestrian Friendly
811756186,811752903,67223887,Joseph Street West,residential,2.0,53.035714285714285,False,True,117.08882601519696,no,Other,Other,no,no marking,asphalt,no,no,42.9441368,-79.84984,4,sidewalk,1,Not Busy,2,Not Pedestrian Friendly
811756186,416701631,67227122,"['Thorburn Street South', 'Haldimand Road 17']",secondary,2.0,53.035714285714285,False,True,1477.3036370070026,no,Other,Other,no,no marking,asphalt,no,none,42.9441368,-79.84984,4,sidewalk,2,Not Busy,2,Not Pedestrian Friendly
811756186,416701631,67225626,"['Thorburn Street South', 'Haldimand Road 17']",secondary,2.0,53.035714285714285,False,True,1477.3036370070026,no,Other,Other,no,no marking,asphalt,no,none,42.9441368,-79.84984,4,sidewalk,2,Not Busy,2,Not Pedestrian Friendly
811756186,416701631,66929818,"['Thorburn Street South', 'Haldimand Road 17']",secondary,2.0,53.035714285714285,False,True,1477.3036370070026,no,Other,Other,no,no marking,no,no,no,42.9441368,-79.84984,4,sidewalk,2,Not Busy,1,Not Pedestrian Friendly
811756661,811755781,67223718,Ottawa Street North,residential,2.0,53.035714285714285,False,False,53.56958035,no,Other,Other,no,no marking,asphalt,no,no,42.9503911,-79.8573791,3,sidewalk,1,Not Busy,2,Not Pedestrian Friendly
811756661,6463584745,67223718,Ottawa Street North,residential,2.0,53.035714285714285,False,True,15.704087053750408,no,Other,Other,no,no marking,asphalt,no,no,42.9503911,-79.8573791,3,sidewalk,1,Not Busy,2,Not Pedestrian Friendly
811756661,811780346,67223822,King Street,residential,2.0,53.035714285714285,False,False,93.77671875,no,Other,Other,no,no marking,asphalt,no,no,42.9503911,-79.8573791,3,sidewalk,1,Not Busy,2,Not Pedestrian Friendly
811757177,811778739,67227265,Brant Street West,residential,2.0,53.035714285714285,False,False,107.5355260781742,no,Other,Other,no,no marking,asphalt,no,no,42.9480862,-79.8602595,4,sidewalk,1,Not Busy,2,Not Pedestrian Friendly
811757177,811766886,67222625,Ouse Street,residential,2.0,53.035714285714285,False,False,137.06911576227503,no,Other,Other,no,no marking,asphalt,no,no,42.9480862,-79.8602595,4,sidewalk,1,Not Busy,2,Not Pedestrian Friendly
811757177,811748224,67222625,Ouse Street,residential,2.0,53.035714285714285,False,True,203.57503724113005,no,Other,Other,no,no marking,asphalt,no,no,42.9480862,-79.8602595,4,sidewalk,1,Not Busy,2,Not Pedestrian Friendly
811757177,811782424,67227265,Brant Street West,residential,2.0,53.035714285714285,False,True,21.534001822713428,no,Other,Other,no,no marking,asphalt,no,no,42.9480862,-79.8602595,4,sidewalk,1,Not Busy,2,Not Pedestrian Friendly
811757792,811784572,67222684,Seneca Street South,residential,2.0,53.035714285714285,False,False,105.7165046805908,no,Other,Other,no,no marking,asphalt,no,no,42.9478724,-79.8577873,4,sidewalk,1,Not Busy,2,Not Pedestrian Friendly
811757792,11339644323,67222684,Seneca Street South,residential,2.0,53.035714285714285,False,True,54.18256682383443,no,Other,Other,no,no marking,asphalt,no,no,42.9478724,-79.8577873,4,sidewalk,1,Not Busy,2,Not Pedestrian Friendly
811757792,6463584702,67227265,Brant Street West,residential,2.0,53.035714285714285,False,False,8.117464778,no,Other,Other,no,no marking,asphalt,no,no,42.9478724,-79.8577873,4,sidewalk,1,Not Busy,2,Not Pedestrian Friendly
811757792,6463584700,67227265,Brant Street West,residential,2.0,53.035714285714285,False,True,5.459250786952354,no,Other,Other,no,no marking,asphalt,no,no,42.9478724,-79.8577873,4,sidewalk,1,Not Busy,2,Not Pedestrian Friendly
811759107,6463602043,67223957,Brant Street East,residential,2.0,53.035714285714285,False,False,5.367393620965554,no,Other,Other,no,no marking,asphalt,no,no,42.948956,-79.8535749,3,sidewalk,1,Not Busy,2,Not Pedestrian Friendly
811759107,6463602000,67223957,Brant Street East,residential,2.0,53.035714285714285,False,True,113.57364951780052,no,Other,Other,no,no marking,asphalt,no,no,42.948956,-79.8535749,3,sidewalk,1,Not Busy,2,Not Pedestrian Friendly
811759107,6463602042,67224357,"['Winniet Street South', 'Robert Dell Court']",residential,2.0,53.035714285714285,False,True,63.81726775493567,no,Other,Other,no,no marking,asphalt,no,no,42.948956,-79.8535749,3,sidewalk,1,Not Busy,2,Not Pedestrian Friendly
811759107,6463602042,67225926,"['Winniet Street South', 'Robert Dell Court']",residential,2.0,53.035714285714285,False,True,63.81726775493567,no,Other,Other,no,no marking,asphalt,no,no,42.948956,-79.8535749,3,sidewalk,1,Not Busy,2,Not Pedestrian Friendly
811759777,6463584691,67223053,Chippawa Street West,residential,2.0,53.035714285714285,False,False,5.259027364399766,no,Other,Other,no,no marking,asphalt,no,no,42.9457561,-79.8586722,4,sidewalk,1,Not Busy,2,Not Pedestrian Friendly
811759777,811759820,67223053,Chippawa Street West,residential,2.0,53.035714285714285,False,True,119.24142392808308,no,Other,Other,no,no marking,asphalt,no,no,42.9457561,-79.8586722,4,sidewalk,1,Not Busy,2,Not Pedestrian Friendly
811759777,6463584694,67223431,Cayuga Street South,residential,2.0,53.035714285714285,False,False,96.78289389752236,no,Other,Other,no,no marking,asphalt,no,no,42.9457561,-79.8586722,4,sidewalk,1,Not Busy,2,Not Pedestrian Friendly
811759777,811765611,67223431,Cayuga Street South,residential,2.0,53.035714285714285,False,True,72.87233277,no,Other,Other,no,no marking,asphalt,no,no,42.9457561,-79.8586722,4,sidewalk,1,Not Busy,2,Not Pedestrian Friendly
811759820,811748224,67222625,Ouse Street,residential,2.0,53.035714285714285,False,False,105.60045611810732,no,Other,Other,no,no marking,asphalt,no,no,42.9453735,-79.8600399,3,sidewalk,1,Not Busy,2,Not Pedestrian Friendly
811759820,811775959,67222625,Ouse Street,residential,2.0,53.035714285714285,False,True,132.23216206288328,no,Other,Other,no,no marking,asphalt,no,no,42.9453735,-79.8600399,3,sidewalk,1,Not Busy,2,Not Pedestrian Friendly
811759820,811759777,67223053,Chippawa Street West,residential,2.0,53.035714285714285,False,False,119.24142392808308,no,Other,Other,no,no marking,asphalt,no,no,42.9453735,-79.8600399,3,sidewalk,1,Not Busy,2,Not Pedestrian Friendly
811760949,6463579973,67222870,Talbot Street West,primary,2.0,50.0,False,False,10.186250651406375,no,Other,Other,no,no marking,asphalt,no,no,42.9496061,-79.8586616,4,traffic_signals,0,Not Busy,1,Not Pedestrian Friendly
811760949,6463579977,67222870,Talbot Street West,primary,2.0,50.0,False,True,12.068729339965868,no,Other,Other,no,no marking,asphalt,no,no,42.9496061,-79.8586616,4,traffic_signals,0,Not Busy,1,Not Pedestrian Friendly
811760949,6463579976,67223431,Cayuga Street South,residential,2.0,40.0,False,True,9.237184494749286,no,Other,Other,no,no marking,asphalt,no,no,42.9496061,-79.8586616,4,traffic_signals,0,Not Busy,1,Not Pedestrian Friendly
811760949,6463579970,67224214,Cayuga Street North,residential,1.0,40.0,True,False,10.967588815256642,no,Other,Other,no,no marking,asphalt,no,both,42.9496061,-79.8586616,4,traffic_signals,1,Not Busy,3,Not Pedestrian Friendly
811761176,811777171,67223053,Chippawa Street West,residential,2.0,53.035714285714285,False,True,122.45170305881956,no,Other,Other,no,no marking,asphalt,no,no,42.9468459,-79.8541902,4,sidewalk,1,Not Busy,2,Not Pedestrian Friendly
811761176,6463602004,67223246,Chippawa Street East,residential,2.0,53.035714285714285,False,False,7.928844816,no,Other,Other,no,no marking,asphalt,no,no,42.9468459,-79.8541902,4,sidewalk,1,Not Busy,2,Not Pedestrian Friendly
811761176,811768469,67223482,Munsee Street South,residential,2.0,50.0,False,False,108.59519218720472,no,Other,Other,no,no marking,asphalt,no,no,42.9468459,-79.8541902,4,sidewalk,0,Not Busy,2,Not Pedestrian Friendly
811761176,7158861221,67223482,Munsee Street South,residential,2.0,50.0,False,True,225.24514422250812,no,Other,Other,no,no marking,asphalt,no,no,42.9468459,-79.8541902,4,sidewalk,0,Not Busy,2,Not Pedestrian Friendly
811761464,811775453,67222684,Seneca Street South,residential,2.0,53.035714285714285,False,False,103.20709659524196,no,Other,Other,no,no marking,asphalt,no,no,42.9461717,-79.8570097,4,sidewalk,1,Not Busy,2,Not Pedestrian Friendly
811761464,811784371,67222684,Seneca Street South,residential,2.0,53.035714285714285,False,True,99.09208783043388,no,Other,Other,no,no marking,asphalt,no,no,42.9461717,-79.8570097,4,sidewalk,1,Not Busy,2,Not Pedestrian Friendly
811761464,811777171,67223053,Chippawa Street West,residential,2.0,53.035714285714285,False,False,118.97419203677372,no,Other,Other,no,no marking,asphalt,no,no,42.9461717,-79.8570097,4,sidewalk,1,Not Busy,2,Not Pedestrian Friendly
811761464,6463584691,67223053,Chippawa Street West,residential,2.0,53.035714285714285,False,True,137.76979650486518,no,Other,Other,no,no marking,asphalt,no,no,42.9461717,-79.8570097,4,sidewalk,1,Not Busy,2,Not Pedestrian Friendly
811761633,6463579976,67223431,Cayuga Street South,residential,2.0,53.035714285714285,False,False,32.70191432924269,no,Other,Other,no,no marking,asphalt,no,no,42.9492351,-79.8587539,3,sidewalk,1,Not Busy,2,Not Pedestrian Friendly
811761633,811749702,67223431,Cayuga Street South,residential,2.0,53.035714285714285,False,True,67.60216799564458,no,Other,Other,no,no marking,asphalt,no,no,42.9492351,-79.8587539,3,sidewalk,1,Not Busy,2,Not Pedestrian Friendly
811761633,811756161,67222684,Seneca Street South,residential,2.0,53.035714285714285,False,True,28.548961123037166,no,Other,Other,no,no marking,asphalt,no,no,42.9492351,-79.8587539,3,sidewalk,1,Not Busy,2,Not Pedestrian Friendly
811761718,811774748,67223431,Cayuga Street South,residential,2.0,53.035714285714285,False,True,210.37864631398568,no,Other,Other,no,no marking,asphalt,no,no,42.944203,-79.8564456,3,sidewalk,1,Not Busy,2,Not Pedestrian Friendly
811761718,811765611,67223431,Cayuga Street South,residential,2.0,53.035714285714285,False,False,178.53163483031892,no,Other,Other,no,no marking,asphalt,no,no,42.944203,-79.8564456,3,sidewalk,1,Not Busy,2,Not Pedestrian Friendly
811761718,811777463,67223787,Princess Street West,residential,2.0,53.035714285714285,False,False,31.295666550041812,no,Other,Other,no,no marking,asphalt,no,no,42.944203,-79.8564456,3,sidewalk,1,Not Busy,2,Not Pedestrian Friendly
811762195,811752903,67227230,"['South End Drive', 'Sunset Lane']",residential,2.0,53.035714285714285,False,False,215.69817940522373,no,Other,Other,no,no marking,asphalt,no,no,42.942278,-79.8512597,1,sidewalk,1,Not Busy,2,Not Pedestrian Friendly
811762195,811752903,67223127,"['South End Drive', 'Sunset Lane']",residential,2.0,53.035714285714285,False,False,215.69817940522373,no,Other,Other,no,no marking,asphalt,no,no,42.942278,-79.8512597,1,sidewalk,1,Not Busy,2,Not Pedestrian Friendly
811762852,6463602062,67222677,Winnett Street South,residential,2.0,53.035714285714285,False,True,7.474943231604707,no,Other,Other,no,no marking,asphalt,no,no,42.9506711,-79.8543697,4,sidewalk,1,Not Busy,2,Not Pedestrian Friendly
811762852,6463584778,67224605,Winnett Street North,residential,2.0,53.035714285714285,False,False,9.115339075882986,no,Other,Other,no,no marking,asphalt,no,no,42.9506711,-79.8543697,4,sidewalk,1,Not Busy,2,Not Pedestrian Friendly
811762852,7158861326,766496825,Talbot Street East,primary,2.0,50.0,False,False,70.86706242161644,no,Other,Other,no,no marking,asphalt,yes,no,42.9506711,-79.8543697,4,sidewalk,0,Not Busy,3,Not Pedestrian Friendly
811762852,7158861339,766496825,Talbot Street East,primary,2.0,50.0,False,True,59.281845420457934,no,Other,Other,no,no marking,asphalt,yes,no,42.9506711,-79.8543697,4,sidewalk,0,Not Busy,3,Not Pedestrian Friendly
811764267,6463602044,628319193,Winnett Street South,service,1.0,53.035714285714285,False,False,6.118540379398647,no,Other,Other,no,no marking,no,no,no,42.9498105,-79.8539803,3,sidewalk,1,Not Busy,1,Not Pedestrian Friendly
811764267,6463602062,67222677,Winnett Street South,residential,2.0,53.035714285714285,False,False,93.33146598,no,Other,Other,no,no marking,asphalt,no,no,42.9498105,-79.8539803,3,sidewalk,1,Not Busy,2,Not Pedestrian Friendly
811764267,6463601997,67226853,McKay Street East,residential,2.0,53.035714285714285,False,True,113.4947353313222,no,Other,Other,no,no marking,asphalt,no,no,42.9498105,-79.8539803,3,sidewalk,1,Not Busy,2,Not Pedestrian Friendly
811764739,6463602044,689056880,Unnamed Road,footway,1.0,53.035714285714285,False,False,5.561421142426397,no,Other,Other,no,no marking,no,no,no,42.949877,-79.8539287,1,sidewalk,1,Not Busy,1,Not Pedestrian Friendly
811765499,2991290951,67222714,Thorburn Street South,secondary,2.0,53.035714285714285,False,True,9.867638121321852,no,Other,Other,no,no marking,asphalt,no,no,42.9510301,-79.8529725,4,sidewalk,1,Not Busy,2,Not Pedestrian Friendly
811765499,7158840220,67223622,Thorburn Street North,residential,2.0,53.035714285714285,False,False,8.181721237584748,no,Other,Other,no,no marking,asphalt,no,no,42.9510301,-79.8529725,4,sidewalk,1,Not Busy,2,Not Pedestrian Friendly
811765499,811755655,501561429,Talbot Street East,primary,2.0,50.0,False,False,239.15970561166856,no,Other,Other,no,no marking,asphalt,yes,no,42.9510301,-79.8529725,4,sidewalk,0,Not Busy,3,Not Pedestrian Friendly
811765499,7158861326,766496825,Talbot Street East,primary,2.0,50.0,False,True,49.658054000810345,no,Other,Other,no,no marking,asphalt,yes,no,42.9510301,-79.8529725,4,sidewalk,0,Not Busy,3,Not Pedestrian Friendly
811765587,7168038632,67224878,Victoria Street,residential,2.0,53.035714285714285,False,False,25.800399552354587,no,Other,Other,no,no marking,asphalt,no,no,42.9553901,-79.8594382,1,sidewalk,1,Not Busy,2,Not Pedestrian Friendly
811765611,811775959,67225388,John Street,residential,2.0,53.035714285714285,False,True,143.8110958152137,no,Other,Other,no,no marking,asphalt,no,no,42.9452729,-79.8580805,3,sidewalk,1,Not Busy,2,Not Pedestrian Friendly
811765611,811759777,67223431,Cayuga Street South,residential,2.0,53.035714285714285,False,False,72.87233277,no,Other,Other,no,no marking,asphalt,no,no,42.9452729,-79.8580805,3,sidewalk,1,Not Busy,2,Not Pedestrian Friendly
811765611,811761718,67223431,Cayuga Street South,residential,2.0,53.035714285714285,False,True,178.53163483031892,no,Other,Other,no,no marking,asphalt,no,no,42.9452729,-79.8580805,3,sidewalk,1,Not Busy,2,Not Pedestrian Friendly
811765983,811777251,67226935,Hill Street,residential,2.0,53.035714285714285,False,True,95.82387826749084,no,Other,Other,no,no marking,asphalt,no,no,42.9564678,-79.8582413,1,sidewalk,1,Not Busy,2,Not Pedestrian Friendly
811765995,6463602032,67222702,Commodore Road,residential,2.0,53.035714285714285,False,True,7.511615828,no,Other,Other,no,no marking,asphalt,no,no,42.943785,-79.8488783,3,sidewalk,1,Not Busy,2,Not Pedestrian Friendly
811765995,811776126,67223156,Abbott Lane,residential,2.0,53.035714285714285,False,False,61.020844210066585,no,Other,Other,no,no marking,asphalt,no,no,42.943785,-79.8488783,3,sidewalk,1,Not Busy,2,Not Pedestrian Friendly
811765995,2516245713,67223156,Abbott Lane,residential,2.0,53.035714285714285,False,True,98.40263711263955,no,Other,Other,no,no marking,asphalt,no,no,42.943785,-79.8488783,3,sidewalk,1,Not Busy,2,Not Pedestrian Friendly
811766415,6463579935,67223286,Mohawk Street West,residential,2.0,53.035714285714285,False,True,10.586313714050007,no,Other,Other,no,no marking,asphalt,no,no,42.9515609,-79.8582888,4,sidewalk,1,Not Busy,2,Not Pedestrian Friendly
811766415,811753650,766496840,Cayuga Street North,residential,2.0,53.035714285714285,False,False,67.80661842840422,no,Other,Other,no,no marking,asphalt,no,no,42.9515609,-79.8582888,4,sidewalk,1,Not Busy,2,Not Pedestrian Friendly
811766415,7158861422,766496840,Cayuga Street North,residential,2.0,53.035714285714285,False,True,70.33352053502881,no,Other,Other,no,no marking,asphalt,no,no,42.9515609,-79.8582888,4,sidewalk,1,Not Busy,2,Not Pedestrian Friendly
811766415,811774790,67223286,Mohawk Street West,residential,2.0,53.035714285714285,False,False,29.15104266480116,no,Other,Other,no,no marking,asphalt,no,no,42.9515609,-79.8582888,4,sidewalk,1,Not Busy,2,Not Pedestrian Friendly
811766857,6463602032,67222702,Commodore Road,residential,2.0,53.035714285714285,False,False,76.75357462,no,Other,Other,no,no marking,asphalt,no,no,42.9440182,-79.8478933,3,sidewalk,1,Not Busy,2,Not Pedestrian Friendly
811766857,811754260,67222702,Commodore Road,residential,2.0,53.035714285714285,False,True,94.65266403340536,no,Other,Other,no,no marking,asphalt,no,no,42.9440182,-79.8478933,3,sidewalk,1,Not Busy,2,Not Pedestrian Friendly
811766857,6463602033,67223984,Country Club Road,residential,2.0,53.035714285714285,False,False,6.400476682342042,no,Other,Other,no,no marking,asphalt,no,no,42.9440182,-79.8478933,3,sidewalk,1,Not Busy,2,Not Pedestrian Friendly
811766886,811757177,67222625,Ouse Street,residential,2.0,53.035714285714285,False,True,137.06911576227503,no,Other,Other,no,no marking,asphalt,no,no,42.9492898,-79.8599096,4,sidewalk,1,Not Busy,2,Not Pedestrian Friendly
811766886,6463579977,67222870,Talbot Street West,primary,2.0,50.0,False,False,95.43915499,no,Other,Other,no,no marking,asphalt,no,no,42.9492898,-79.8599096,4,sidewalk,0,Not Busy,2,Not Pedestrian Friendly
811766886,811751549,391907401,"['Talbot Street West', 'Highway 3']",primary,2.0,60.0,False,True,371.24926579399823,yes,Other,Other,no,no marking,asphalt,no,none,42.9492898,-79.8599096,4,sidewalk,2,Not Busy,2,Not Pedestrian Friendly
811766886,811751549,67223395,"['Talbot Street West', 'Highway 3']",primary,2.0,60.0,False,True,371.24926579399823,yes,Other,Other,no,no marking,asphalt,no,no,42.9492898,-79.8599096,4,sidewalk,2,Not Busy,2,Not Pedestrian Friendly
811766886,811751549,332885844,"['Talbot Street West', 'Highway 3']",primary,2.0,60.0,False,True,371.24926579399823,yes,Other,Other,no,no marking,no,no,no,42.9492898,-79.8599096,4,sidewalk,2,Not Busy,1,Not Pedestrian Friendly
811766886,7158861357,67225552,Ouse Street North,residential,2.0,53.035714285714285,False,False,9.942695448,no,Other,Other,no,no marking,asphalt,no,no,42.9492898,-79.8599096,4,sidewalk,1,Not Busy,2,Not Pedestrian Friendly
811767102,6463584693,67223305,Tuscarora Street West,residential,2.0,53.035714285714285,False,False,8.813011096049992,no,Other,Other,no,no marking,asphalt,no,no,42.946598,-79.8591225,4,sidewalk,1,Not Busy,2,Not Pedestrian Friendly
811767102,811748224,67223305,Tuscarora Street West,residential,2.0,53.035714285714285,False,True,115.19452359209512,no,Other,Other,no,no marking,asphalt,no,no,42.946598,-79.8591225,4,sidewalk,1,Not Busy,2,Not Pedestrian Friendly
811767102,6463584694,67223431,Cayuga Street South,residential,2.0,53.035714285714285,False,True,3.991134968051112,no,Other,Other,no,no marking,asphalt,no,no,42.946598,-79.8591225,4,sidewalk,1,Not Busy,2,Not Pedestrian Friendly
811767102,811778739,67223431,Cayuga Street South,residential,2.0,53.035714285714285,False,False,151.77193583714657,no,Other,Other,no,no marking,asphalt,no,no,42.946598,-79.8591225,4,sidewalk,1,Not Busy,2,Not Pedestrian Friendly
811767501,811751988,67223822,King Street,residential,2.0,53.035714285714285,False,True,20.35809487427305,no,Other,Other,no,no marking,asphalt,no,no,42.9505403,-79.8595042,4,sidewalk,1,Not Busy,2,Not Pedestrian Friendly
811767501,7158861372,766496829,King Street,service,1.0,53.035714285714285,False,True,21.317488190612885,no,parking_aisle,Other,no,no marking,asphalt,no,no,42.9505403,-79.8595042,4,sidewalk,1,Not Busy,2,Not Pedestrian Friendly
811767501,811768306,67223822,King Street,residential,2.0,53.035714285714285,False,False,18.907612489456884,no,Other,Other,no,no marking,asphalt,no,no,42.9505403,-79.8595042,4,sidewalk,1,Not Busy,2,Not Pedestrian Friendly
811767501,7158861367,689055747,King Street,footway,1.0,53.035714285714285,False,True,24.33505347468597,no,Other,Other,no,no marking,no,no,no,42.9505403,-79.8595042,4,sidewalk,1,Not Busy,1,Not Pedestrian Friendly
811768306,811767501,67223822,King Street,residential,2.0,53.035714285714285,False,True,18.907612489456884,no,Other,Other,no,no marking,asphalt,no,no,42.9505626,-79.8597345,3,sidewalk,1,Not Busy,2,Not Pedestrian Friendly
811768306,6463579935,67225552,"['Mohawk Street West', 'Ouse Street North']",residential,2.0,53.035714285714285,False,False,205.61227743036335,no,Other,Other,no,no marking,asphalt,no,no,42.9505626,-79.8597345,3,sidewalk,1,Not Busy,2,Not Pedestrian Friendly
811768306,6463579935,1013604443,"['Mohawk Street West', 'Ouse Street North']",residential,2.0,53.035714285714285,False,False,205.61227743036335,no,Other,Other,no,no marking,asphalt,no,no,42.9505626,-79.8597345,3,sidewalk,1,Not Busy,2,Not Pedestrian Friendly
811768306,7158861381,67225552,Ouse Street North,residential,2.0,53.035714285714285,False,True,99.89534572264368,no,Other,Other,no,no marking,asphalt,no,no,42.9505626,-79.8597345,3,sidewalk,1,Not Busy,2,Not Pedestrian Friendly
811768469,811771233,67223482,Munsee Street South,residential,2.0,50.0,False,False,98.44467289903544,no,Other,Other,no,no marking,asphalt,no,no,42.9477688,-79.8546266,3,sidewalk,0,Not Busy,2,Not Pedestrian Friendly
811768469,811761176,67223482,Munsee Street South,residential,2.0,50.0,False,True,108.59519218720472,no,Other,Other,no,no marking,asphalt,no,no,42.9477688,-79.8546266,3,sidewalk,0,Not Busy,2,Not Pedestrian Friendly
811768469,811781696,67223305,Tuscarora Street West,residential,2.0,53.035714285714285,False,True,120.9041450284345,no,Other,Other,no,no marking,asphalt,no,no,42.9477688,-79.8546266,3,sidewalk,1,Not Busy,2,Not Pedestrian Friendly
811771233,811772584,67223482,Munsee Street South,residential,2.0,50.0,False,False,101.5940707101134,no,Other,Other,no,no marking,asphalt,no,no,42.9486101,-79.8550033,4,sidewalk,0,Not Busy,2,Not Pedestrian Friendly
811771233,811768469,67223482,Munsee Street South,residential,2.0,50.0,False,True,98.44467289903544,no,Other,Other,no,no marking,asphalt,no,no,42.9486101,-79.8550033,4,sidewalk,0,Not Busy,2,Not Pedestrian Friendly
811771233,6463602000,67223957,Brant Street East,residential,2.0,53.035714285714285,False,False,8.882000579511734,no,Other,Other,no,no marking,asphalt,no,no,42.9486101,-79.8550033,4,sidewalk,1,Not Busy,2,Not Pedestrian Friendly
811771233,6463584717,67227265,Brant Street West,residential,2.0,53.035714285714285,False,True,111.24453615603376,no,Other,Other,no,no marking,asphalt,no,no,42.9486101,-79.8550033,4,sidewalk,1,Not Busy,2,Not Pedestrian Friendly
811771310,6463579936,391907402,Norton Street West,residential,2.0,53.035714285714285,False,False,84.18466302004335,no,Other,Other,no,no marking,asphalt,no,no,42.9522971,-79.8594492,1,sidewalk,1,Not Busy,2,Not Pedestrian Friendly
811771620,811778959,67222714,Thorburn Street South,secondary,2.0,53.035714285714285,False,False,99.71462572109417,no,Other,Other,no,no marking,asphalt,no,no,42.9493021,-79.852171,3,sidewalk,1,Not Busy,2,Not Pedestrian Friendly
811771620,811779502,67222714,Thorburn Street South,secondary,2.0,53.035714285714285,False,True,202.1616568967254,no,Other,Other,no,no marking,asphalt,no,no,42.9493021,-79.852171,3,sidewalk,1,Not Busy,2,Not Pedestrian Friendly
811771620,6463602043,67223957,Brant Street East,residential,2.0,53.035714285714285,False,True,115.2032110495007,no,Other,Other,no,no marking,asphalt,no,no,42.9493021,-79.852171,3,sidewalk,1,Not Busy,2,Not Pedestrian Friendly
811772004,7158861240,67223887,Joseph Street West,residential,2.0,30.0,False,False,57.280705444322905,no,Other,Other,no,no marking,asphalt,no,no,42.9434423,-79.8526453,4,stop,0,Not Busy,1,Not Pedestrian Friendly
811772004,811772809,67223887,Joseph Street West,residential,2.0,30.0,False,True,120.05844052484998,no,Other,Other,no,no marking,asphalt,no,no,42.9434423,-79.8526453,4,stop,0,Not Busy,1,Not Pedestrian Friendly
811772004,7158861233,67223482,Munsee Street South,residential,2.0,50.0,False,False,43.64366650431919,no,Other,Other,no,no marking,asphalt,no,no,42.9434423,-79.8526453,4,stop,0,Not Busy,1,Not Pedestrian Friendly
811772004,6463602008,689056874,Joseph Street West,footway,1.0,30.0,False,True,12.560823128724689,no,Other,Other,no,no marking,no,no,no,42.9434423,-79.8526453,4,stop,0,Not Busy,0,Not Pedestrian Friendly
811772564,811776910,67222694,Echo Street East,residential,2.0,53.035714285714285,False,True,240.44552143093856,no,Other,Other,no,no marking,asphalt,no,no,42.9562785,-79.8475139,3,sidewalk,1,Not Busy,2,Not Pedestrian Friendly
811772564,811782748,67224216,Monture Street North,residential,2.0,53.035714285714285,False,False,285.8510997511549,no,Other,Other,no,no marking,unpaved,no,no,42.9562785,-79.8475139,3,sidewalk,1,Not Busy,1,Not Pedestrian Friendly
811772564,811782748,67223455,Monture Street North,residential,2.0,53.035714285714285,False,False,285.8510997511549,no,Other,Other,no,no marking,unpaved,no,no,42.9562785,-79.8475139,3,sidewalk,1,Not Busy,1,Not Pedestrian Friendly
811772564,811779772,67226723,Monture Street North,residential,2.0,53.035714285714285,False,True,409.2225148933047,no,Other,Other,no,no marking,unpaved,no,no,42.9562785,-79.8475139,3,sidewalk,1,Not Busy,1,Not Pedestrian Friendly
811772564,811779772,67227207,Monture Street North,residential,2.0,53.035714285714285,False,True,409.2225148933047,no,Other,Other,no,no marking,unpaved,no,no,42.9562785,-79.8475139,3,sidewalk,1,Not Busy,1,Not Pedestrian Friendly
811772584,7158861343,67223482,Munsee Street South,residential,2.0,50.0,False,False,57.04321235675033,no,Other,Other,no,no marking,asphalt,no,no,42.9494784,-79.8553917,4,sidewalk,0,Not Busy,2,Not Pedestrian Friendly
811772584,811771233,67223482,Munsee Street South,residential,2.0,50.0,False,True,101.5940707101134,no,Other,Other,no,no marking,asphalt,no,no,42.9494784,-79.8553917,4,sidewalk,0,Not Busy,2,Not Pedestrian Friendly
811772584,6463601997,67226853,McKay Street East,residential,2.0,53.035714285714285,False,False,7.173871969575182,no,Other,Other,no,no marking,asphalt,no,no,42.9494784,-79.8553917,4,sidewalk,1,Not Busy,2,Not Pedestrian Friendly
811772584,6463584716,67224556,McKay Street West,residential,2.0,53.035714285714285,False,True,112.76390033178104,no,Other,Other,no,no marking,asphalt,no,no,42.9494784,-79.8553917,4,sidewalk,1,Not Busy,2,Not Pedestrian Friendly
811772809,811772004,67223887,Joseph Street West,residential,2.0,53.035714285714285,False,False,120.05844052484998,no,Other,Other,no,no marking,asphalt,no,no,42.9430893,-79.8540392,3,sidewalk,1,Not Busy,2,Not Pedestrian Friendly
811772809,811774748,67223887,Joseph Street West,residential,2.0,53.035714285714285,False,True,42.46856039020383,no,Other,Other,no,no marking,asphalt,no,no,42.9430893,-79.8540392,3,sidewalk,1,Not Busy,2,Not Pedestrian Friendly
811772809,811777463,67223787,"['Princess Street West', 'Ottawa Street South']",residential,2.0,53.035714285714285,False,False,313.60504605031537,no,Other,Other,no,no marking,asphalt,no,no,42.9430893,-79.8540392,3,sidewalk,1,Not Busy,2,Not Pedestrian Friendly
811772809,811777463,67222869,"['Princess Street West', 'Ottawa Street South']",residential,2.0,53.035714285714285,False,False,313.60504605031537,no,Other,Other,no,no marking,asphalt,no,no,42.9430893,-79.8540392,3,sidewalk,1,Not Busy,2,Not Pedestrian Friendly
811773157,811779065,67226540,Charles Cullen Parkway,residential,2.0,53.035714285714285,False,False,411.7508224,no,Other,Other,no,no marking,asphalt,no,none,42.9413236,-79.866623,3,sidewalk,1,Not Busy,2,Not Pedestrian Friendly
811773325,811775022,67226315,Maple Road,residential,2.0,53.035714285714285,False,True,777.5095821823448,no,Other,Other,no,no marking,asphalt,no,no,42.9562184,-79.8667996,1,sidewalk,2,Not Busy,2,Not Pedestrian Friendly
811774748,811761718,67223431,Cayuga Street South,residential,2.0,53.035714285714285,False,False,210.37864631398568,no,Other,Other,no,no marking,asphalt,no,no,42.942941,-79.85452,3,sidewalk,1,Not Busy,2,Not Pedestrian Friendly
811774748,811772809,67223887,Joseph Street West,residential,2.0,53.035714285714285,False,False,42.46856039020383,no,Other,Other,no,no marking,asphalt,no,no,42.942941,-79.85452,3,sidewalk,1,Not Busy,2,Not Pedestrian Friendly
811774748,811780528,67225090,Ottawa Street South,residential,2.0,53.035714285714285,False,True,258.6401384304591,no,Other,Other,no,no marking,asphalt,no,no,42.942941,-79.85452,3,sidewalk,1,Not Busy,2,Not Pedestrian Friendly
811774790,6463584749,67223286,Mohawk Street West,residential,2.0,53.035714285714285,False,False,9.110400353902998,no,Other,Other,no,no marking,asphalt,no,no,42.9516763,-79.8579747,4,sidewalk,1,Not Busy,2,Not Pedestrian Friendly
811774790,811753650,67223718,Ottawa Street North,residential,2.0,53.035714285714285,False,False,57.28502865678129,no,Other,Other,no,no marking,asphalt,no,no,42.9516763,-79.8579747,4,sidewalk,1,Not Busy,2,Not Pedestrian Friendly
811774790,811755781,67223718,Ottawa Street North,residential,2.0,53.035714285714285,False,True,97.37598611714265,no,Other,Other,no,no marking,asphalt,no,no,42.9516763,-79.8579747,4,sidewalk,1,Not Busy,2,Not Pedestrian Friendly
811774790,811766415,67223286,Mohawk Street West,residential,2.0,53.035714285714285,False,True,29.15104266480116,no,Other,Other,no,no marking,asphalt,no,no,42.9516763,-79.8579747,4,sidewalk,1,Not Busy,2,Not Pedestrian Friendly
811775022,811773325,67226315,Maple Road,residential,2.0,53.035714285714285,False,False,777.5095822,no,Other,Other,no,no marking,asphalt,no,no,42.9504976,-79.8636842,3,sidewalk,2,Not Busy,2,Not Pedestrian Friendly
811775022,416701237,67222778,King George Street,residential,2.0,53.035714285714285,False,False,783.6863327951698,no,Other,Other,no,no marking,unpaved,no,no,42.9504976,-79.8636842,3,sidewalk,2,Not Busy,1,Not Pedestrian Friendly
811775022,416701237,67226716,King George Street,residential,2.0,53.035714285714285,False,False,783.6863327951698,no,Other,Other,no,no marking,unpaved,no,no,42.9504976,-79.8636842,3,sidewalk,2,Not Busy,1,Not Pedestrian Friendly
811775022,811751549,67226632,Maple Road,residential,2.0,53.035714285714285,False,True,255.2605397532159,no,Other,Other,no,no marking,asphalt,no,none,42.9504976,-79.8636842,3,sidewalk,1,Not Busy,2,Not Pedestrian Friendly
811775022,811751549,67226790,Maple Road,residential,2.0,53.035714285714285,False,True,255.2605397532159,no,Other,Other,no,no marking,asphalt,no,no,42.9504976,-79.8636842,3,sidewalk,1,Not Busy,2,Not Pedestrian Friendly
811775136,811753650,67223718,Ottawa Street North,residential,2.0,53.035714285714285,False,True,46.02153788575956,no,Other,Other,no,no marking,asphalt,no,no,42.9525603,-79.8583652,4,sidewalk,1,Not Busy,2,Not Pedestrian Friendly
811775136,3951688536,67225816,Norton Street West,residential,2.0,53.035714285714285,False,False,8.234239885520854,no,Other,Other,no,no marking,asphalt,no,right,42.9525603,-79.8583652,4,sidewalk,1,Not Busy,3,Not Pedestrian Friendly
811775136,6463579936,391907402,Norton Street West,residential,2.0,53.035714285714285,False,True,8.766257658,no,Other,Other,no,no marking,asphalt,no,no,42.9525603,-79.8583652,4,sidewalk,1,Not Busy,2,Not Pedestrian Friendly
811775136,6463579950,67227306,Ottawa Street North,residential,2.0,53.035714285714285,False,False,80.62950056986826,no,Other,Other,no,no marking,asphalt,no,left,42.9525603,-79.8583652,4,sidewalk,1,Not Busy,3,Not Pedestrian Friendly
811775453,4087050625,67222684,Seneca Street South,residential,2.0,53.035714285714285,False,False,19.67452236198811,no,Other,Other,no,no marking,asphalt,no,no,42.9470493,-79.8574225,4,sidewalk,1,Not Busy,2,Not Pedestrian Friendly
811775453,811761464,67222684,Seneca Street South,residential,2.0,53.035714285714285,False,True,103.20709659524196,no,Other,Other,no,no marking,asphalt,no,no,42.9470493,-79.8574225,4,sidewalk,1,Not Busy,2,Not Pedestrian Friendly
811775453,6463584721,67223305,Tuscarora Street West,residential,2.0,53.035714285714285,False,False,113.42029200219964,no,Other,Other,no,no marking,asphalt,no,no,42.9470493,-79.8574225,4,sidewalk,1,Not Busy,2,Not Pedestrian Friendly
811775453,6463584701,67223305,Tuscarora Street West,residential,2.0,53.035714285714285,False,True,5.575927866596342,no,Other,Other,no,no marking,asphalt,no,no,42.9470493,-79.8574225,4,sidewalk,1,Not Busy,2,Not Pedestrian Friendly
811775465,811779772,388082227,Highway 3,primary,2.0,80.0,False,True,1727.761337026397,no,Other,Other,no,no marking,asphalt,no,no,42.9577428,-79.8258388,1,sidewalk,2,Not Busy,2,Not Pedestrian Friendly
811775465,811779772,67222781,Highway 3,primary,2.0,80.0,False,True,1727.761337026397,no,Other,Other,no,no marking,no,no,no,42.9577428,-79.8258388,1,sidewalk,2,Not Busy,1,Not Pedestrian Friendly
811775959,811765611,67225388,John Street,residential,2.0,53.035714285714285,False,False,143.8110958152137,no,Other,Other,no,no marking,asphalt,no,no,42.9443246,-79.8592819,3,sidewalk,1,Not Busy,2,Not Pedestrian Friendly
811775959,811759820,67222625,Ouse Street,residential,2.0,53.035714285714285,False,False,132.23216206288328,no,Other,Other,no,no marking,asphalt,no,no,42.9443246,-79.8592819,3,sidewalk,1,Not Busy,2,Not Pedestrian Friendly
811775959,811780734,67222625,Ouse Street,residential,2.0,53.035714285714285,False,True,210.4574454443647,no,Other,Other,no,no marking,asphalt,no,no,42.9443246,-79.8592819,3,sidewalk,1,Not Busy,2,Not Pedestrian Friendly
811776126,811765995,67223156,Abbott Lane,residential,2.0,53.035714285714285,False,True,61.020844210066585,no,Other,Other,no,no marking,asphalt,no,no,42.9443179,-79.8490573,3,sidewalk,1,Not Busy,2,Not Pedestrian Friendly
811776126,6463602023,244291655,Powell Lane,residential,2.0,53.035714285714285,False,True,133.6738996208589,no,Other,Other,no,no marking,asphalt,no,no,42.9443179,-79.8490573,3,sidewalk,1,Not Busy,2,Not Pedestrian Friendly
811776126,811756186,67223239,Joseph Street East,residential,2.0,53.035714285714285,False,True,67.22339040545947,no,Other,Other,no,no marking,asphalt,no,no,42.9443179,-79.8490573,3,sidewalk,1,Not Busy,2,Not Pedestrian Friendly
811776623,6463602042,67225926,Robert Dell Court,residential,2.0,53.035714285714285,False,False,46.31327905013124,no,Other,Other,no,no marking,asphalt,no,no,42.9485603,-79.8527364,3,sidewalk,1,Not Busy,2,Not Pedestrian Friendly
811776910,811772564,67222694,Echo Street East,residential,2.0,53.035714285714285,False,False,240.44552143093856,no,Other,Other,no,no marking,asphalt,no,no,42.955587,-79.8503133,3,sidewalk,1,Not Busy,2,Not Pedestrian Friendly
811776910,811778568,67222694,Echo Street East,residential,2.0,53.035714285714285,False,True,245.31055215447304,no,Other,Other,no,no marking,asphalt,no,no,42.955587,-79.8503133,3,sidewalk,1,Not Busy,2,Not Pedestrian Friendly
811776910,811752200,67225082,"['Mohawk Street East', 'Johnson Street']",residential,2.0,53.035714285714285,False,True,318.2115245833087,no,Other,Other,no,no marking,asphalt,no,no,42.955587,-79.8503133,3,sidewalk,1,Not Busy,2,Not Pedestrian Friendly
811776910,811752200,67225693,"['Mohawk Street East', 'Johnson Street']",residential,2.0,53.035714285714285,False,True,318.2115245833087,no,Other,Other,no,no marking,asphalt,no,no,42.955587,-79.8503133,3,sidewalk,1,Not Busy,2,Not Pedestrian Friendly
811777026,811750529,67223459,Railton Road,residential,2.0,53.035714285714285,False,False,47.54483077852954,no,Other,Other,no,no marking,asphalt,no,no,42.9440513,-79.8458212,3,sidewalk,1,Not Busy,2,Not Pedestrian Friendly
811777026,6463602031,67222702,Commodore Road,residential,2.0,53.035714285714285,False,False,44.6267237,no,Other,Other,no,no marking,asphalt,no,no,42.9440513,-79.8458212,3,sidewalk,1,Not Busy,2,Not Pedestrian Friendly
811777026,6463602033,67223984,Country Club Road,residential,2.0,53.035714285714285,False,True,296.83514564558544,no,Other,Other,no,no marking,asphalt,no,no,42.9440513,-79.8458212,3,sidewalk,1,Not Busy,2,Not Pedestrian Friendly
811777171,811761176,67223053,Chippawa Street West,residential,2.0,53.035714285714285,False,False,122.45170305881956,no,Other,Other,no,no marking,asphalt,no,no,42.9465,-79.8556185,4,sidewalk,1,Not Busy,2,Not Pedestrian Friendly
811777171,811761464,67223053,Chippawa Street West,residential,2.0,53.035714285714285,False,True,118.97419203677372,no,Other,Other,no,no marking,asphalt,no,no,42.9465,-79.8556185,4,sidewalk,1,Not Busy,2,Not Pedestrian Friendly
811777171,811781696,67223061,Ottawa Street South,residential,2.0,53.035714285714285,False,False,106.99261039087884,no,Other,Other,no,no marking,asphalt,no,no,42.9465,-79.8556185,4,sidewalk,1,Not Busy,2,Not Pedestrian Friendly
811777171,811784371,67225000,"['Ottawa Street South', 'Barton Street']",residential,2.0,53.035714285714285,False,True,210.20616203142265,no,Other,Other,no,no marking,asphalt,no,no,42.9465,-79.8556185,4,sidewalk,1,Not Busy,2,Not Pedestrian Friendly
811777171,811784371,67223061,"['Ottawa Street South', 'Barton Street']",residential,2.0,53.035714285714285,False,True,210.20616203142265,no,Other,Other,no,no marking,asphalt,no,no,42.9465,-79.8556185,4,sidewalk,1,Not Busy,2,Not Pedestrian Friendly
811777251,811765983,67226935,Hill Street,residential,2.0,53.035714285714285,False,False,95.82387826749084,no,Other,Other,no,no marking,asphalt,no,no,42.9567093,-79.857111,3,sidewalk,1,Not Busy,2,Not Pedestrian Friendly
811777251,5931658524,628319192,Hill Street,residential,1.0,53.035714285714285,False,False,85.24702817783673,no,Other,Other,no,no marking,no,no,no,42.9567093,-79.857111,3,sidewalk,1,Not Busy,1,Not Pedestrian Friendly
811777251,811747669,67224605,Winnett Street North,residential,2.0,53.035714285714285,False,True,300.53202328600923,no,Other,Other,no,no marking,asphalt,no,no,42.9567093,-79.857111,3,sidewalk,1,Not Busy,2,Not Pedestrian Friendly
811777463,811784371,67222684,Seneca Street South,residential,2.0,53.035714285714285,False,False,104.14390849710972,no,Other,Other,no,no marking,asphalt,no,no,42.944435,-79.8562329,3,sidewalk,1,Not Busy,2,Not Pedestrian Friendly
811777463,811772809,67223787,"['Princess Street West', 'Ottawa Street South']",residential,2.0,53.035714285714285,False,False,313.60504605031537,no,Other,Other,no,no marking,asphalt,no,no,42.944435,-79.8562329,3,sidewalk,1,Not Busy,2,Not Pedestrian Friendly
811777463,811772809,67222869,"['Princess Street West', 'Ottawa Street South']",residential,2.0,53.035714285714285,False,False,313.60504605031537,no,Other,Other,no,no marking,asphalt,no,no,42.944435,-79.8562329,3,sidewalk,1,Not Busy,2,Not Pedestrian Friendly
811777463,811761718,67223787,Princess Street West,residential,2.0,53.035714285714285,False,True,31.295666550041812,no,Other,Other,no,no marking,asphalt,no,no,42.944435,-79.8562329,3,sidewalk,1,Not Busy,2,Not Pedestrian Friendly
811778192,811754035,67224605,Winnett Street North,residential,2.0,53.035714285714285,False,True,99.71411543548103,no,Other,Other,no,no marking,asphalt,no,no,42.9532801,-79.8555419,3,sidewalk,1,Not Busy,2,Not Pedestrian Friendly
811778192,811747669,67224605,Winnett Street North,residential,2.0,53.035714285714285,False,False,101.59585728515276,no,Other,Other,no,no marking,asphalt,no,no,42.9532801,-79.8555419,3,sidewalk,1,Not Busy,2,Not Pedestrian Friendly
811778192,416698555,67227293,Norton Street East,residential,2.0,53.035714285714285,False,True,122.54262626985997,no,Other,Other,no,no marking,asphalt,no,no,42.9532801,-79.8555419,3,sidewalk,1,Not Busy,2,Not Pedestrian Friendly
811778239,6463579934,1013604445,Unnamed Road,footway,1.0,53.035714285714285,False,True,7.387124617727603,no,Other,Other,no,no marking,no,no,no,42.9550265,-79.8588047,1,sidewalk,1,Not Busy,1,Not Pedestrian Friendly
811778283,9525603768,67222870,Talbot Street West,primary,2.0,50.0,False,True,70.36419696,no,Other,Other,no,no marking,asphalt,no,no,42.9499682,-79.8571824,4,sidewalk,0,Not Busy,2,Not Pedestrian Friendly
811778283,6463584712,67223061,Ottawa Street South,residential,2.0,53.035714285714285,False,True,8.055756449642836,no,Other,Other,no,no marking,asphalt,no,no,42.9499682,-79.8571824,4,sidewalk,1,Not Busy,2,Not Pedestrian Friendly
811778283,2991282940,67223718,Ottawa Street North,residential,2.0,53.035714285714285,False,False,8.854219499280617,no,Other,Other,no,no marking,asphalt,no,no,42.9499682,-79.8571824,4,sidewalk,1,Not Busy,2,Not Pedestrian Friendly
811778283,7158861345,766496824,Talbot Street West,primary,3.0,50.0,False,False,88.57272430920325,no,Other,Other,no,no marking,asphalt,no,no,42.9499682,-79.8571824,4,sidewalk,1,Not Busy,2,Not Pedestrian Friendly
811778283,7158861345,67222870,Talbot Street West,primary,3.0,50.0,False,False,88.57272430920325,no,Other,Other,no,no marking,asphalt,no,no,42.9499682,-79.8571824,4,sidewalk,1,Not Busy,2,Not Pedestrian Friendly
811778543,811752200,67223545,Martin Street,residential,2.0,53.035714285714285,False,True,119.10744281104732,no,Other,Other,no,no marking,asphalt,no,no,42.954466,-79.8514182,1,sidewalk,1,Not Busy,2,Not Pedestrian Friendly
811778568,811747669,67222694,Echo Street East,residential,2.0,53.035714285714285,False,True,239.0044838401416,no,Other,Other,no,no marking,asphalt,no,no,42.9548591,-79.8531588,3,sidewalk,1,Not Busy,2,Not Pedestrian Friendly
811778568,811782318,67224237,Fishcarrier Street North,residential,2.0,53.035714285714285,False,False,92.11037065037252,no,Other,Other,no,no marking,asphalt,no,no,42.9548591,-79.8531588,3,sidewalk,1,Not Busy,2,Not Pedestrian Friendly
811778568,811776910,67222694,Echo Street East,residential,2.0,53.035714285714285,False,False,245.31055215447304,no,Other,Other,no,no marking,asphalt,no,no,42.9548591,-79.8531588,3,sidewalk,1,Not Busy,2,Not Pedestrian Friendly
811778739,811749702,67223431,Cayuga Street South,residential,2.0,53.035714285714285,False,False,75.51632012979164,no,Other,Other,no,no marking,asphalt,no,no,42.9479561,-79.8589503,4,sidewalk,1,Not Busy,2,Not Pedestrian Friendly
811778739,6463584692,67227265,Brant Street West,residential,2.0,53.035714285714285,False,False,7.551433858491517,no,Other,Other,no,no marking,asphalt,no,no,42.9479561,-79.8589503,4,sidewalk,1,Not Busy,2,Not Pedestrian Friendly
811778739,811757177,67227265,Brant Street West,residential,2.0,53.035714285714285,False,True,107.5355260781742,no,Other,Other,no,no marking,asphalt,no,no,42.9479561,-79.8589503,4,sidewalk,1,Not Busy,2,Not Pedestrian Friendly
811778739,811767102,67223431,Cayuga Street South,residential,2.0,53.035714285714285,False,True,151.77193583714657,no,Other,Other,no,no marking,asphalt,no,no,42.9479561,-79.8589503,4,sidewalk,1,Not Busy,2,Not Pedestrian Friendly
811778959,811771620,67222714,Thorburn Street South,secondary,2.0,53.035714285714285,False,True,99.71462572109417,no,Other,Other,no,no marking,asphalt,no,no,42.9501525,-79.8525598,4,sidewalk,1,Not Busy,2,Not Pedestrian Friendly
811778959,811783621,67225045,McKay Street East,residential,2.0,53.035714285714285,False,False,113.68566988196244,no,Other,Other,no,no marking,asphalt,no,no,42.9501525,-79.8525598,4,sidewalk,1,Not Busy,2,Not Pedestrian Friendly
811778959,6463602060,628319193,Thorburn Street South,service,1.0,53.035714285714285,False,True,11.094093245315408,no,Other,Other,no,no marking,no,no,no,42.9501525,-79.8525598,4,sidewalk,1,Not Busy,1,Not Pedestrian Friendly
811778959,2991290951,67222714,Thorburn Street South,secondary,2.0,53.035714285714285,False,False,93.33610506613331,no,Other,Other,no,no marking,asphalt,no,no,42.9501525,-79.8525598,4,sidewalk,1,Not Busy,2,Not Pedestrian Friendly
811779065,416701980,67222720,River Road,residential,2.0,53.035714285714285,False,True,1024.575175760286,no,Other,Other,no,no marking,asphalt,no,none,42.9422979,-79.8631732,3,sidewalk,2,Not Busy,2,Not Pedestrian Friendly
811779065,7270847024,67222947,River Road,residential,2.0,53.035714285714285,False,False,484.7004190007941,no,Other,Other,no,no marking,asphalt,no,none,42.9422979,-79.8631732,3,sidewalk,1,Not Busy,2,Not Pedestrian Friendly
811779065,811773157,67226540,Charles Cullen Parkway,residential,2.0,53.035714285714285,False,True,411.7508224,no,Other,Other,no,no marking,asphalt,no,none,42.9422979,-79.8631732,3,sidewalk,1,Not Busy,2,Not Pedestrian Friendly
811779502,811771620,67222714,Thorburn Street South,secondary,2.0,53.035714285714285,False,False,202.1616568967254,no,Other,Other,no,no marking,asphalt,no,no,42.9475711,-79.8514115,3,sidewalk,1,Not Busy,2,Not Pedestrian Friendly
811779502,7158861394,67222714,Thorburn Street South,secondary,2.0,53.035714285714285,False,True,88.15825120491218,no,Other,Other,no,no marking,asphalt,no,no,42.9475711,-79.8514115,3,sidewalk,1,Not Busy,2,Not Pedestrian Friendly
811779502,6463602004,67223246,Chippawa Street East,residential,2.0,53.035714285714285,False,True,232.189386470198,no,Other,Other,no,no marking,asphalt,no,no,42.9475711,-79.8514115,3,sidewalk,1,Not Busy,2,Not Pedestrian Friendly
811779772,7158861398,67222822,Talbot Street East,primary,2.0,50.0,False,True,301.7649929256433,no,Other,Other,no,no marking,asphalt,no,no,42.9527793,-79.8459563,4,sidewalk,0,Not Busy,2,Not Pedestrian Friendly
811779772,811772564,67226723,Monture Street North,residential,2.0,53.035714285714285,False,False,409.2225148933047,no,Other,Other,no,no marking,unpaved,no,no,42.9527793,-79.8459563,4,sidewalk,1,Not Busy,1,Not Pedestrian Friendly
811779772,811772564,67227207,Monture Street North,residential,2.0,53.035714285714285,False,False,409.2225148933047,no,Other,Other,no,no marking,unpaved,no,no,42.9527793,-79.8459563,4,sidewalk,1,Not Busy,1,Not Pedestrian Friendly
811779772,7158840219,244292001,"['Monture Street South', 'Princess Street East']","['track', 'residential']",2.0,53.035714285714285,False,True,1189.083383691806,no,Other,Other,no,no marking,unpaved,no,no,42.9527793,-79.8459563,4,sidewalk,2,Not Busy,1,Not Pedestrian Friendly
811779772,7158840219,244292002,"['Monture Street South', 'Princess Street East']","['track', 'residential']",2.0,53.035714285714285,False,True,1189.083383691806,no,Other,Other,no,no marking,unpaved,no,no,42.9527793,-79.8459563,4,sidewalk,2,Not Busy,1,Not Pedestrian Friendly
811779772,7158840219,67223564,"['Monture Street South', 'Princess Street East']","['track', 'residential']",2.0,53.035714285714285,False,True,1189.083383691806,no,Other,Other,no,no marking,unpaved,no,no,42.9527793,-79.8459563,4,sidewalk,2,Not Busy,1,Not Pedestrian Friendly
811779772,811775465,388082227,Highway 3,primary,2.0,80.0,False,False,1727.761337026397,no,Other,Other,no,no marking,asphalt,no,no,42.9527793,-79.8459563,4,sidewalk,2,Not Busy,2,Not Pedestrian Friendly
811779772,811775465,67222781,Highway 3,primary,2.0,80.0,False,False,1727.761337026397,no,Other,Other,no,no marking,no,no,no,42.9527793,-79.8459563,4,sidewalk,2,Not Busy,1,Not Pedestrian Friendly
811780346,6463579914,67223822,King Street,residential,2.0,30.0,False,False,8.551871570147243,no,Other,Other,no,no marking,asphalt,no,no,42.9504449,-79.8585175,4,stop,0,Not Busy,1,Not Pedestrian Friendly
811780346,811756661,67223822,King Street,residential,2.0,30.0,False,True,93.77671875,no,Other,Other,no,no marking,asphalt,no,no,42.9504449,-79.8585175,4,stop,0,Not Busy,1,Not Pedestrian Friendly
811780346,7158861423,766496840,Cayuga Street North,residential,2.0,30.0,False,False,43.24356833683196,no,Other,Other,no,no marking,asphalt,no,no,42.9504449,-79.8585175,4,stop,0,Not Busy,1,Not Pedestrian Friendly
811780528,811774748,67225090,Ottawa Street South,residential,2.0,53.035714285714285,False,False,258.6401384304591,no,Other,Other,no,no marking,asphalt,no,no,42.9409626,-79.8529878,1,sidewalk,1,Not Busy,2,Not Pedestrian Friendly
811780734,811775959,67222625,Ouse Street,residential,2.0,53.035714285714285,False,False,210.45744544436468,no,Other,Other,no,no marking,asphalt,no,no,42.9432594,-79.8571569,1,sidewalk,1,Not Busy,2,Not Pedestrian Friendly
811781696,811753097,67223061,Ottawa Street South,residential,2.0,53.035714285714285,False,False,96.22041385051168,no,Other,Other,no,no marking,asphalt,no,no,42.9474137,-79.8560306,4,sidewalk,1,Not Busy,2,Not Pedestrian Friendly
811781696,811777171,67223061,Ottawa Street South,residential,2.0,53.035714285714285,False,True,106.99261039087884,no,Other,Other,no,no marking,asphalt,no,no,42.9474137,-79.8560306,4,sidewalk,1,Not Busy,2,Not Pedestrian Friendly
811781696,6463584721,67223305,Tuscarora Street West,residential,2.0,53.035714285714285,False,True,6.898368748391012,no,Other,Other,no,no marking,asphalt,no,no,42.9474137,-79.8560306,4,sidewalk,1,Not Busy,2,Not Pedestrian Friendly
811781696,811768469,67223305,Tuscarora Street West,residential,2.0,53.035714285714285,False,False,120.9041450284345,no,Other,Other,no,no marking,asphalt,no,no,42.9474137,-79.8560306,4,sidewalk,1,Not Busy,2,Not Pedestrian Friendly
811782318,811748222,67222824,Obadiah Street,residential,2.0,53.035714285714285,False,True,59.30826699531772,no,Other,Other,no,no marking,asphalt,no,no,42.9556461,-79.853512,3,sidewalk,1,Not Busy,2,Not Pedestrian Friendly
811782318,811747885,67224237,Fishcarrier Street North,residential,2.0,53.035714285714285,False,False,145.59378479508285,no,Other,Other,no,no marking,asphalt,no,no,42.9556461,-79.853512,3,sidewalk,1,Not Busy,2,Not Pedestrian Friendly
811782318,811778568,67224237,Fishcarrier Street North,residential,2.0,53.035714285714285,False,True,92.11037065037252,no,Other,Other,no,no marking,asphalt,no,no,42.9556461,-79.853512,3,sidewalk,1,Not Busy,2,Not Pedestrian Friendly
811782424,811757177,67227265,Brant Street West,residential,2.0,53.035714285714285,False,False,21.534001822713428,no,Other,Other,no,no marking,asphalt,no,no,42.9481146,-79.8605212,1,sidewalk,1,Not Busy,2,Not Pedestrian Friendly
811782748,811772564,67224216,Monture Street North,residential,2.0,53.035714285714285,False,True,285.85109975115495,no,Other,Other,no,no marking,unpaved,no,no,42.9582197,-79.8470522,3,sidewalk,1,Not Busy,1,Not Pedestrian Friendly
811782748,811772564,67223455,Monture Street North,residential,2.0,53.035714285714285,False,True,285.85109975115495,no,Other,Other,no,no marking,unpaved,no,no,42.9582197,-79.8470522,3,sidewalk,1,Not Busy,1,Not Pedestrian Friendly
811783621,811778959,67225045,McKay Street East,residential,2.0,30.0,False,True,113.68566988196244,no,Other,Other,no,no marking,asphalt,no,no,42.950494,-79.8512432,1,turning_circle,0,Not Busy,1,Not Pedestrian Friendly
811783975,416696374,67226042,Latham Street,residential,2.0,53.035714285714285,False,False,124.46176449195237,no,Other,Other,no,no marking,asphalt,no,no,42.9585079,-79.8614526,1,sidewalk,1,Not Busy,2,Not Pedestrian Friendly
811784371,811761464,67222684,Seneca Street South,residential,2.0,53.035714285714285,False,False,99.09208783043388,no,Other,Other,no,no marking,asphalt,no,no,42.9453303,-79.8566086,3,sidewalk,1,Not Busy,2,Not Pedestrian Friendly
811784371,811777463,67222684,Seneca Street South,residential,2.0,53.035714285714285,False,True,104.14390849710972,no,Other,Other,no,no marking,asphalt,no,no,42.9453303,-79.8566086,3,sidewalk,1,Not Busy,2,Not Pedestrian Friendly
811784371,811777171,67225000,"['Ottawa Street South', 'Barton Street']",residential,2.0,53.035714285714285,False,False,210.20616203142265,no,Other,Other,no,no marking,asphalt,no,no,42.9453303,-79.8566086,3,sidewalk,1,Not Busy,2,Not Pedestrian Friendly
811784371,811777171,67223061,"['Ottawa Street South', 'Barton Street']",residential,2.0,53.035714285714285,False,False,210.20616203142265,no,Other,Other,no,no marking,asphalt,no,no,42.9453303,-79.8566086,3,sidewalk,1,Not Busy,2,Not Pedestrian Friendly
811784445,3912827458,67223482,Munsee Street South,residential,2.0,50.0,False,True,10.33906771869094,no,Other,Other,no,no marking,asphalt,no,no,42.9503378,-79.8557803,4,traffic_signals,0,Not Busy,1,Not Pedestrian Friendly
811784445,3912827460,244291656,Talbot Street East,primary,3.0,50.0,False,False,9.36976283582814,no,Other,Other,no,no marking,asphalt,yes,no,42.9503378,-79.8557803,4,traffic_signals,1,Not Busy,2,Not Pedestrian Friendly
811784445,3912827461,766496823,Munsee Street North,secondary,3.0,50.0,False,False,7.755266475749206,no,Other,Other,no,no marking,asphalt,yes,right,42.9503378,-79.8557803,4,traffic_signals,1,Not Busy,4,Pedestrian Friendly
811784445,3912827459,766496824,Talbot Street West,primary,3.0,50.0,False,True,10.12744871198674,no,Other,Other,no,no marking,asphalt,no,no,42.9503378,-79.8557803,4,traffic_signals,1,Not Busy,1,Not Pedestrian Friendly
811784572,811757792,67222684,Seneca Street South,residential,2.0,53.035714285714285,False,True,105.7165046805908,no,Other,Other,no,no marking,asphalt,no,no,42.9487769,-79.8581874,4,sidewalk,1,Not Busy,2,Not Pedestrian Friendly
811784572,6463584707,67224556,McKay Street West,residential,2.0,53.035714285714285,False,False,6.818580169366905,no,Other,Other,no,no marking,asphalt,no,no,42.9487769,-79.8581874,4,sidewalk,1,Not Busy,2,Not Pedestrian Friendly
811784572,811756161,67222684,Seneca Street South,residential,2.0,53.035714285714285,False,False,51.52482119019127,no,Other,Other,no,no marking,asphalt,no,no,42.9487769,-79.8581874,4,sidewalk,1,Not Busy,2,Not Pedestrian Friendly
811784572,811749702,67224556,McKay Street West,residential,2.0,53.035714285714285,False,True,55.98894779742528,no,Other,Other,no,no marking,asphalt,no,no,42.9487769,-79.8581874,4,sidewalk,1,Not Busy,2,Not Pedestrian Friendly
2516245713,811765995,67223156,Abbott Lane,residential,2.0,30.0,False,False,98.40263711263955,no,Other,Other,no,no marking,asphalt,no,no,42.9429383,-79.8485319,1,turning_circle,0,Not Busy,1,Not Pedestrian Friendly
2516245714,2516245715,244291654,Pike Creek Drive,residential,2.0,30.0,False,False,76.52014110877896,no,Other,Other,no,no marking,asphalt,no,no,42.9449533,-79.8480912,1,turning_circle,0,Not Busy,1,Not Pedestrian Friendly
2516245715,2516245717,244291654,Pike Creek Drive,residential,2.0,53.035714285714285,False,False,62.18090662466312,no,Other,Other,no,no marking,asphalt,no,no,42.9451756,-79.8472015,3,sidewalk,1,Not Busy,2,Not Pedestrian Friendly
2516245715,2516245714,244291654,Pike Creek Drive,residential,2.0,53.035714285714285,False,True,76.52014110877896,no,Other,Other,no,no marking,asphalt,no,no,42.9451756,-79.8472015,3,sidewalk,1,Not Busy,2,Not Pedestrian Friendly
2516245715,811754260,67225535,Essex Road,residential,2.0,53.035714285714285,False,True,103.60487866322546,no,Other,Other,no,no marking,asphalt,no,no,42.9451756,-79.8472015,3,sidewalk,1,Not Busy,2,Not Pedestrian Friendly
2516245716,811754844,67222714,Thorburn Street South,secondary,2.0,53.035714285714285,False,False,62.64045158,no,Other,Other,no,no marking,asphalt,no,no,42.9453295,-79.8503763,3,sidewalk,1,Not Busy,2,Not Pedestrian Friendly
2516245716,6463602013,67222714,Thorburn Street South,secondary,2.0,53.035714285714285,False,True,131.84769069723535,no,Other,Other,no,no marking,asphalt,no,no,42.9453295,-79.8503763,3,sidewalk,1,Not Busy,2,Not Pedestrian Friendly
2516245716,6463602019,244291653,Hudson Drive,residential,2.0,53.035714285714285,False,True,8.425527866446076,no,Other,Other,no,no marking,asphalt,no,no,42.9453295,-79.8503763,3,sidewalk,1,Not Busy,2,Not Pedestrian Friendly
2516245717,2516245718,244291654,Pike Creek Drive,residential,2.0,53.035714285714285,False,False,54.02076732776665,no,Other,Other,no,no marking,asphalt,no,no,42.9453562,-79.8464785,3,sidewalk,1,Not Busy,2,Not Pedestrian Friendly
2516245717,2516245715,244291654,Pike Creek Drive,residential,2.0,53.035714285714285,False,True,62.18090662466312,no,Other,Other,no,no marking,asphalt,no,no,42.9453562,-79.8464785,3,sidewalk,1,Not Busy,2,Not Pedestrian Friendly
2516245717,2516245719,244291653,Hudson Drive,residential,2.0,53.035714285714285,False,False,328.3424888949543,no,Other,Other,no,no marking,asphalt,no,no,42.9453562,-79.8464785,3,sidewalk,1,Not Busy,2,Not Pedestrian Friendly
2516245718,2516245717,244291654,Pike Creek Drive,residential,2.0,53.035714285714285,False,True,54.02076732776665,no,Other,Other,no,no marking,asphalt,no,no,42.9455079,-79.845848,1,sidewalk,1,Not Busy,2,Not Pedestrian Friendly
2516245719,6463602019,244291653,Hudson Drive,residential,2.0,53.035714285714285,False,False,58.168869158363485,no,Other,Other,no,no marking,asphalt,no,no,42.9455221,-79.8496016,3,sidewalk,1,Not Busy,2,Not Pedestrian Friendly
2516245719,6463602023,244291655,Powell Lane,residential,2.0,53.035714285714285,False,False,7.3662750789672655,no,Other,Other,no,no marking,asphalt,no,no,42.9455221,-79.8496016,3,sidewalk,1,Not Busy,2,Not Pedestrian Friendly
2516245719,2516245717,244291653,Hudson Drive,residential,2.0,53.035714285714285,False,True,328.3424888949544,no,Other,Other,no,no marking,asphalt,no,no,42.9455221,-79.8496016,3,sidewalk,1,Not Busy,2,Not Pedestrian Friendly
2991282940,811778283,67223718,Ottawa Street North,residential,2.0,20.0,False,True,8.854219499280617,no,Other,Other,no,no marking,asphalt,no,no,42.9500415,-79.8572249,4,crossing,0,Not Busy,2,Not Pedestrian Friendly
2991282940,6463584743,689055774,Ottawa Street North,footway,1.0,20.0,False,False,6.933894891241715,no,Other,Other,marked,lines,no,no,no,42.9500415,-79.8572249,4,crossing,0,Not Busy,2,Not Pedestrian Friendly
2991282940,6463584745,67223718,Ottawa Street North,residential,2.0,20.0,False,False,25.14651581279473,no,Other,Other,no,no marking,asphalt,no,no,42.9500415,-79.8572249,4,crossing,0,Not Busy,2,Not Pedestrian Friendly
2991282940,6463584746,689055773,Ottawa Street North,footway,1.0,20.0,False,True,8.878810173018552,no,Other,Other,no,no marking,no,no,no,42.9500415,-79.8572249,4,crossing,0,Not Busy,1,Not Pedestrian Friendly
2991282940,6463584746,689055774,Ottawa Street North,footway,1.0,20.0,False,True,8.878810173018552,no,Other,Other,marked,lines,no,no,no,42.9500415,-79.8572249,4,crossing,0,Not Busy,2,Not Pedestrian Friendly
2991290951,811765499,67222714,Thorburn Street South,secondary,2.0,20.0,False,False,9.867638121321852,no,Other,Other,no,no marking,asphalt,no,no,42.9509462,-79.852933,4,crossing,0,Not Busy,2,Not Pedestrian Friendly
2991290951,6463602063,689056886,Thorburn Street South,footway,1.0,20.0,False,True,11.648901664135035,no,Other,Other,marked,lines,no,no,no,42.9509462,-79.852933,4,crossing,0,Not Busy,2,Not Pedestrian Friendly
2991290951,811778959,67222714,Thorburn Street South,secondary,2.0,20.0,False,True,93.33610506613331,no,Other,Other,no,no marking,asphalt,no,no,42.9509462,-79.852933,4,crossing,0,Not Busy,2,Not Pedestrian Friendly
2991290951,6463602065,689056886,Thorburn Street South,footway,1.0,20.0,False,False,94.21880070334193,no,Other,Other,marked,lines,no,no,no,42.9509462,-79.852933,4,crossing,0,Not Busy,2,Not Pedestrian Friendly
2991290951,6463602065,689056887,Thorburn Street South,footway,1.0,20.0,False,False,94.21880070334193,no,Other,Other,no,no marking,no,no,no,42.9509462,-79.852933,4,crossing,0,Not Busy,1,Not Pedestrian Friendly
3912827458,811784445,67223482,Munsee Street South,residential,2.0,50.0,False,False,10.33906771869094,no,Other,Other,no,no marking,asphalt,no,no,42.9502495,-79.8557405,4,crossing,0,Not Busy,2,Not Pedestrian Friendly
3912827458,7158861342,67223482,Munsee Street South,residential,2.0,50.0,False,True,16.434449124764754,no,Other,Other,no,no marking,asphalt,no,no,42.9502495,-79.8557405,4,crossing,0,Not Busy,2,Not Pedestrian Friendly
3912827458,6463584732,689055770,Munsee Street South,footway,1.0,20.0,False,False,7.578842265858305,no,Other,Other,marked,lines,no,no,no,42.9502495,-79.8557405,4,crossing,0,Not Busy,2,Not Pedestrian Friendly
3912827458,6463584731,689055770,Munsee Street South,footway,1.0,20.0,False,True,10.018552480350058,no,Other,Other,marked,lines,no,no,no,42.9502495,-79.8557405,4,crossing,0,Not Busy,2,Not Pedestrian Friendly
3912827459,6463584730,689055769,Talbot Street West,footway,1.0,20.0,False,False,9.576892827507631,no,Other,Other,marked,lines,no,no,no,42.9503058,-79.8558968,4,crossing,0,Not Busy,2,Not Pedestrian Friendly
3912827459,6463584729,689055769,Talbot Street West,footway,1.0,20.0,False,True,7.736217477055594,no,Other,Other,marked,lines,no,no,no,42.9503058,-79.8558968,4,crossing,0,Not Busy,2,Not Pedestrian Friendly
3912827459,811784445,766496824,Talbot Street West,primary,3.0,50.0,False,False,10.12744871198674,no,Other,Other,no,no marking,asphalt,no,no,42.9503058,-79.8558968,4,crossing,1,Not Busy,2,Not Pedestrian Friendly
3912827459,7158861352,766496824,Talbot Street West,primary,3.0,50.0,False,True,10.001246791096266,no,Other,Other,no,no marking,asphalt,no,no,42.9503058,-79.8558968,4,crossing,1,Not Busy,2,Not Pedestrian Friendly
3912827460,811784445,244291656,Talbot Street East,primary,3.0,50.0,False,True,9.36976283582814,no,Other,Other,no,no marking,asphalt,yes,no,42.9503647,-79.8556712,4,crossing,1,Not Busy,3,Not Pedestrian Friendly
3912827460,6463584735,689055771,Talbot Street East,footway,1.0,20.0,False,False,8.127542039305272,no,Other,Other,marked,lines,no,no,no,42.9503647,-79.8556712,4,crossing,0,Not Busy,2,Not Pedestrian Friendly
3912827460,6463584733,689055771,Talbot Street East,footway,1.0,20.0,False,True,9.60896229,no,Other,Other,marked,lines,no,no,no,42.9503647,-79.8556712,4,crossing,0,Not Busy,2,Not Pedestrian Friendly
3912827460,7158861339,244291656,Talbot Street East,primary,3.0,50.0,False,False,51.994957336471785,no,Other,Other,no,no marking,asphalt,yes,no,42.9503647,-79.8556712,4,crossing,1,Not Busy,3,Not Pedestrian Friendly
3912827460,7158861339,766496825,Talbot Street East,primary,3.0,50.0,False,False,51.994957336471785,no,Other,Other,no,no marking,asphalt,yes,no,42.9503647,-79.8556712,4,crossing,1,Not Busy,3,Not Pedestrian Friendly
3912827461,6463584735,689055772,Munsee Street North,footway,1.0,20.0,False,False,9.493549390350823,no,Other,Other,marked,lines,no,no,no,42.9504039,-79.8558107,4,crossing,0,Not Busy,2,Not Pedestrian Friendly
3912827461,6463584729,689055772,Munsee Street North,footway,1.0,20.0,False,True,9.600658339838022,no,Other,Other,marked,lines,no,no,no,42.9504039,-79.8558107,4,crossing,0,Not Busy,2,Not Pedestrian Friendly
3912827461,7158861348,766496823,Munsee Street North,secondary,3.0,50.0,False,False,31.760146080553785,no,Other,Other,no,no marking,asphalt,yes,right,42.9504039,-79.8558107,4,crossing,1,Not Busy,4,Pedestrian Friendly
3912827461,811784445,766496823,Munsee Street North,secondary,3.0,50.0,False,True,7.755266475749206,no,Other,Other,no,no marking,asphalt,yes,right,42.9504039,-79.8558107,4,crossing,1,Not Busy,4,Pedestrian Friendly
3912831202,416697040,1013604447,Indian Street East,residential,2.0,30.0,False,True,8.091323516236338,no,Other,Other,no,no marking,asphalt,no,no,42.9576661,-79.8590639,3,stop,0,Not Busy,1,Not Pedestrian Friendly
3912831202,811750159,67223970,Indian Street East,residential,2.0,30.0,False,False,359.95475016654507,no,Other,Other,no,no marking,asphalt,no,no,42.9576661,-79.8590639,3,stop,0,Not Busy,1,Not Pedestrian Friendly
3912831202,7168038591,767730702,Indian Street East,footway,1.0,30.0,False,True,514.7466525194135,no,Other,Other,no,no marking,asphalt,no,no,42.9576661,-79.8590639,3,stop,1,Not Busy,1,Not Pedestrian Friendly
3951688536,811775136,67225816,Norton Street West,residential,2.0,30.0,False,True,8.234239885520854,no,Other,Other,no,no marking,asphalt,no,right,42.9525839,-79.8582693,3,stop,0,Not Busy,3,Not Pedestrian Friendly
3951688536,6463584751,689055778,Norton Street West,footway,1.0,30.0,False,True,7.976494334151755,no,Other,Other,no,no marking,no,no,no,42.9525839,-79.8582693,3,stop,0,Not Busy,0,Not Pedestrian Friendly
3951688536,416698555,67225816,Norton Street West,residential,2.0,30.0,False,False,112.55185311293693,no,Other,Other,no,no marking,asphalt,no,right,42.9525839,-79.8582693,3,stop,0,Not Busy,3,Not Pedestrian Friendly
4087046832,7158861399,406657489,Unnamed Road,service,1.0,53.035714285714285,False,True,29.902575300060104,no,parking_aisle,Other,no,no marking,no,no,no,42.9509002,-79.8498934,1,sidewalk,1,Not Busy,1,Not Pedestrian Friendly
4087046836,4087046843,406657485,Unnamed Road,service,1.0,53.035714285714285,False,False,44.97102903795314,no,parking_aisle,Other,no,no marking,asphalt,no,no,42.9511308,-79.8494744,3,sidewalk,1,Not Busy,2,Not Pedestrian Friendly
4087046836,4087046837,406657485,Unnamed Road,service,1.0,53.035714285714285,False,True,15.278823982319974,no,parking_aisle,Other,no,no marking,asphalt,no,no,42.9511308,-79.8494744,3,sidewalk,1,Not Busy,2,Not Pedestrian Friendly
4087046836,4087046847,406657492,Unnamed Road,service,1.0,53.035714285714285,True,False,93.18192433,no,parking_aisle,Other,no,no marking,asphalt,no,no,42.9511308,-79.8494744,3,sidewalk,2,Not Busy,2,Not Pedestrian Friendly
4087046837,4087046836,406657485,Unnamed Road,service,1.0,53.035714285714285,False,False,15.278823982319974,no,parking_aisle,Other,no,no marking,asphalt,no,no,42.9511738,-79.8492961,1,sidewalk,1,Not Busy,2,Not Pedestrian Friendly
4087046842,4087046843,406657487,Unnamed Road,service,1.0,53.035714285714285,False,False,34.74032289016038,no,parking_aisle,Other,no,no marking,asphalt,no,no,42.9514171,-79.8500528,3,sidewalk,1,Not Busy,2,Not Pedestrian Friendly
4087046842,7158861403,406657487,Unnamed Road,service,1.0,53.035714285714285,False,True,7.434661950511945,no,parking_aisle,Other,no,no marking,asphalt,no,no,42.9514171,-79.8500528,3,sidewalk,1,Not Busy,2,Not Pedestrian Friendly
4087046842,7158861399,406657489,Unnamed Road,service,1.0,53.035714285714285,False,False,30.4121835398528,no,parking_aisle,Other,no,no marking,no,no,no,42.9514171,-79.8500528,3,sidewalk,1,Not Busy,1,Not Pedestrian Friendly
4087046843,4087046836,406657485,Unnamed Road,service,1.0,53.035714285714285,False,True,44.97102903795314,no,parking_aisle,Other,no,no marking,asphalt,no,no,42.9515149,-79.8496474,3,sidewalk,1,Not Busy,2,Not Pedestrian Friendly
4087046843,4087046842,406657487,Unnamed Road,service,1.0,53.035714285714285,False,True,34.74032289016038,no,parking_aisle,Other,no,no marking,asphalt,no,no,42.9515149,-79.8496474,3,sidewalk,1,Not Busy,2,Not Pedestrian Friendly
4087046843,4087046847,406657488,Unnamed Road,service,1.0,53.035714285714285,False,True,19.248359079581256,no,parking_aisle,Other,no,no marking,asphalt,no,no,42.9515149,-79.8496474,3,sidewalk,1,Not Busy,2,Not Pedestrian Friendly
4087046847,4087046843,406657488,Unnamed Road,service,1.0,53.035714285714285,False,False,19.248359079581256,no,parking_aisle,Other,no,no marking,asphalt,no,no,42.9516039,-79.8495172,2,sidewalk,1,Not Busy,2,Not Pedestrian Friendly
4087046855,811755192,67223587,Echo Street West,residential,2.0,53.035714285714285,False,True,36.94129671807506,no,Other,Other,no,no marking,asphalt,no,no,42.9535523,-79.8583186,3,sidewalk,1,Not Busy,2,Not Pedestrian Friendly
4087046855,4087046856,406657484,Echo Street West,service,1.0,53.035714285714285,False,False,14.88687784448488,no,parking_aisle,Other,no,no marking,asphalt,no,no,42.9535523,-79.8583186,3,sidewalk,1,Not Busy,2,Not Pedestrian Friendly
4087046855,416695612,67223587,Echo Street West,residential,2.0,53.035714285714285,False,False,83.17813314500263,no,Other,Other,no,no marking,asphalt,no,no,42.9535523,-79.8583186,3,sidewalk,1,Not Busy,2,Not Pedestrian Friendly
4087046856,4087046855,406657484,Unnamed Road,service,1.0,53.035714285714285,False,True,14.88687784448488,no,parking_aisle,Other,no,no marking,asphalt,no,no,42.9536791,-79.8583773,3,sidewalk,1,Not Busy,2,Not Pedestrian Friendly
4087046856,4087046856,406657490,Unnamed Road,service,1.0,53.035714285714285,True,False,145.87399857786798,no,parking_aisle,Other,no,no marking,asphalt,no,no,42.9536791,-79.8583773,3,sidewalk,2,Not Busy,2,Not Pedestrian Friendly
4087046859,811755192,406657486,Unnamed Road,service,1.0,53.035714285714285,False,False,31.12364735004035,no,parking_aisle,Other,no,no marking,asphalt,no,no,42.9537193,-79.858848,1,sidewalk,1,Not Busy,2,Not Pedestrian Friendly
4087046866,4087046875,67222638,Munsee Street North,secondary,2.0,50.0,False,False,32.546093658972126,no,Other,Other,no,no marking,asphalt,yes,right,42.9540811,-79.8574776,3,sidewalk,0,Not Busy,4,Pedestrian Friendly
4087046866,416695612,67222638,Munsee Street North,secondary,2.0,50.0,False,True,34.66142595747733,no,Other,Other,no,no marking,asphalt,yes,right,42.9540811,-79.8574776,3,sidewalk,0,Not Busy,4,Pedestrian Friendly
4087046875,416699005,67222638,Munsee Street North,secondary,2.0,50.0,False,False,153.07406585260574,no,Other,Other,no,no marking,asphalt,yes,right,42.9543597,-79.8576002,3,sidewalk,0,Not Busy,4,Pedestrian Friendly
4087046875,4087046866,67222638,Munsee Street North,secondary,2.0,50.0,False,True,32.546093658972126,no,Other,Other,no,no marking,asphalt,yes,right,42.9543597,-79.8576002,3,sidewalk,0,Not Busy,4,Pedestrian Friendly
4087046875,4087046866,406657483,Munsee Street North,service,1.0,53.035714285714285,True,False,84.47841939,no,Other,Other,no,no marking,asphalt,no,no,42.9543597,-79.8576002,3,sidewalk,2,Not Busy,2,Not Pedestrian Friendly
4087050625,11339644323,67222684,Seneca Street South,residential,2.0,53.035714285714285,False,False,22.36337898904468,no,Other,Other,no,no marking,asphalt,no,no,42.9472176,-79.8574971,3,sidewalk,1,Not Busy,2,Not Pedestrian Friendly
4087050625,811775453,67222684,Seneca Street South,residential,2.0,53.035714285714285,False,True,19.67452236198811,no,Other,Other,no,no marking,asphalt,no,no,42.9472176,-79.8574971,3,sidewalk,1,Not Busy,2,Not Pedestrian Friendly
4087050625,4087050628,406657776,Seneca Street South,service,1.0,53.035714285714285,False,True,35.787262975257896,no,parking_aisle,Other,no,no marking,asphalt,no,no,42.9472176,-79.8574971,3,sidewalk,1,Not Busy,2,Not Pedestrian Friendly
4087050628,4087050625,406657776,Unnamed Road,service,1.0,53.035714285714285,False,False,35.787262975257896,no,parking_aisle,Other,no,no marking,asphalt,no,no,42.9473203,-79.8570804,1,sidewalk,1,Not Busy,2,Not Pedestrian Friendly
5931658524,811777251,628319192,Unnamed Road,residential,1.0,53.035714285714285,False,True,85.24702817783673,no,Other,Other,no,no marking,no,no,no,42.9569724,-79.8561271,1,sidewalk,1,Not Busy,1,Not Pedestrian Friendly
6463579910,6463579970,689055751,Unnamed Road,footway,1.0,53.035714285714285,False,False,10.523027116593711,no,Other,Other,marked,lines,no,no,no,42.9496735,-79.8587699,4,sidewalk,1,Not Busy,2,Not Pedestrian Friendly
6463579910,6463579977,689055754,Unnamed Road,footway,1.0,53.035714285714285,False,True,11.961606161208122,no,Other,Other,marked,lines,no,no,no,42.9496735,-79.8587699,4,sidewalk,1,Not Busy,2,Not Pedestrian Friendly
6463579910,6463579914,689055740,Unnamed Road,footway,1.0,53.035714285714285,False,False,88.12893949185685,no,Other,Other,no,no marking,no,no,no,42.9496735,-79.8587699,4,sidewalk,1,Not Busy,1,Not Pedestrian Friendly
6463579910,6463579914,689055741,Unnamed Road,footway,1.0,53.035714285714285,False,False,88.12893949185685,no,Other,Other,marked,lines,no,no,no,42.9496735,-79.8587699,4,sidewalk,1,Not Busy,2,Not Pedestrian Friendly
6463579910,7158861357,689055738,Unnamed Road,footway,1.0,53.035714285714285,False,True,96.28815292768316,no,Other,Other,no,no marking,no,no,no,42.9496735,-79.8587699,4,sidewalk,1,Not Busy,1,Not Pedestrian Friendly
6463579910,7158861357,689055740,Unnamed Road,footway,1.0,53.035714285714285,False,True,96.28815292768316,no,Other,Other,no,no marking,no,no,no,42.9496735,-79.8587699,4,sidewalk,1,Not Busy,1,Not Pedestrian Friendly
6463579914,811780346,67223822,King Street,residential,2.0,20.0,False,True,8.551871570147243,no,Other,Other,no,no marking,asphalt,no,no,42.9504573,-79.8586212,4,crossing,0,Not Busy,2,Not Pedestrian Friendly
6463579914,7158861376,67223822,King Street,residential,2.0,20.0,False,False,31.65060443604113,no,Other,Other,no,no marking,asphalt,no,no,42.9504573,-79.8586212,4,crossing,0,Not Busy,2,Not Pedestrian Friendly
6463579914,6463579953,1013604444,King Street,footway,1.0,20.0,False,False,9.936481393694878,no,Other,Other,no,no marking,no,no,no,42.9504573,-79.8586212,4,crossing,0,Not Busy,1,Not Pedestrian Friendly
6463579914,6463579953,689055741,King Street,footway,1.0,20.0,False,False,9.936481393694878,no,Other,Other,marked,lines,no,no,no,42.9504573,-79.8586212,4,crossing,0,Not Busy,2,Not Pedestrian Friendly
6463579914,6463579910,689055740,King Street,footway,1.0,20.0,False,True,88.12893949185685,no,Other,Other,no,no marking,no,no,no,42.9504573,-79.8586212,4,crossing,0,Not Busy,1,Not Pedestrian Friendly
6463579914,6463579910,689055741,King Street,footway,1.0,20.0,False,True,88.12893949185685,no,Other,Other,marked,lines,no,no,no,42.9504573,-79.8586212,4,crossing,0,Not Busy,2,Not Pedestrian Friendly
6463579934,811778239,1013604445,Unnamed Road,footway,1.0,53.035714285714285,False,False,7.387124617727603,no,Other,Other,no,no marking,no,no,no,42.9549601,-79.8588076,3,sidewalk,1,Not Busy,1,Not Pedestrian Friendly
6463579934,6463579937,689055742,Unnamed Road,footway,1.0,53.035714285714285,False,True,177.97185125210018,no,Other,Other,no,no marking,no,no,no,42.9549601,-79.8588076,3,sidewalk,1,Not Busy,1,Not Pedestrian Friendly
6463579934,6463579940,689055743,Unnamed Road,footway,1.0,53.035714285714285,False,False,35.91962451592772,no,Other,Other,no,no marking,no,no,no,42.9549601,-79.8588076,3,sidewalk,1,Not Busy,1,Not Pedestrian Friendly
6463579935,811766415,67223286,Mohawk Street West,residential,2.0,20.0,False,False,10.586313714050007,no,Other,Other,no,no marking,asphalt,no,no,42.9515471,-79.8584175,4,crossing,0,Not Busy,2,Not Pedestrian Friendly
6463579935,6463579936,689055742,Mohawk Street West,footway,1.0,20.0,False,False,112.46852957555596,no,Other,Other,no,no marking,no,no,no,42.9515471,-79.8584175,4,crossing,0,Not Busy,1,Not Pedestrian Friendly
6463579935,811768306,67225552,"['Mohawk Street West', 'Ouse Street North']",residential,2.0,20.0,False,True,205.6122774303634,no,Other,Other,no,no marking,asphalt,no,no,42.9515471,-79.8584175,4,crossing,0,Not Busy,2,Not Pedestrian Friendly
6463579935,811768306,1013604443,"['Mohawk Street West', 'Ouse Street North']",residential,2.0,20.0,False,True,205.6122774303634,no,Other,Other,no,no marking,asphalt,no,no,42.9515471,-79.8584175,4,crossing,0,Not Busy,2,Not Pedestrian Friendly
6463579935,6463579953,1013604444,Mohawk Street West,footway,1.0,20.0,False,True,112.39320553500582,no,Other,Other,no,no marking,no,no,no,42.9515471,-79.8584175,4,crossing,0,Not Busy,1,Not Pedestrian Friendly
6463579936,811775136,391907402,Norton Street West,residential,2.0,20.0,False,False,8.766257658,no,Other,Other,no,no marking,asphalt,no,no,42.9525363,-79.8584678,4,crossing,0,Not Busy,2,Not Pedestrian Friendly
6463579936,811771310,391907402,Norton Street West,residential,2.0,20.0,False,True,84.18466302004335,no,Other,Other,no,no marking,asphalt,no,no,42.9525363,-79.8584678,4,crossing,0,Not Busy,2,Not Pedestrian Friendly
6463579936,6463579952,689055742,Norton Street West,footway,1.0,20.0,False,False,80.76756172665586,no,Other,Other,no,no marking,no,no,no,42.9525363,-79.8584678,4,crossing,0,Not Busy,1,Not Pedestrian Friendly
6463579936,6463579935,689055742,Norton Street West,footway,1.0,20.0,False,True,112.46852957555596,no,Other,Other,no,no marking,no,no,no,42.9525363,-79.8584678,4,crossing,0,Not Busy,1,Not Pedestrian Friendly
6463579937,811755192,67223587,Echo Street West,residential,2.0,20.0,False,False,9.71369343095006,no,Other,Other,no,no marking,asphalt,no,no,42.9534224,-79.8588637,4,crossing,0,Not Busy,2,Not Pedestrian Friendly
6463579937,811753766,67223587,Echo Street West,residential,2.0,20.0,False,True,62.59218520474314,no,Other,Other,no,no marking,asphalt,no,no,42.9534224,-79.8588637,4,crossing,0,Not Busy,2,Not Pedestrian Friendly
6463579937,6463579934,689055742,Echo Street West,footway,1.0,20.0,False,False,177.9718512521002,no,Other,Other,no,no marking,no,no,no,42.9534224,-79.8588637,4,crossing,0,Not Busy,1,Not Pedestrian Friendly
6463579937,6463579952,689055742,Echo Street West,footway,1.0,20.0,False,True,22.898602620676225,no,Other,Other,no,no marking,no,no,no,42.9534224,-79.8588637,4,crossing,0,Not Busy,1,Not Pedestrian Friendly
6463579940,416699005,689055743,Unnamed Road,footway,1.0,53.035714285714285,False,False,70.90222720601437,no,Other,Other,no,no marking,no,no,no,42.9551748,-79.858644,3,sidewalk,1,Not Busy,1,Not Pedestrian Friendly
6463579940,6463579934,689055743,Unnamed Road,footway,1.0,53.035714285714285,False,True,35.91962451592772,no,Other,Other,no,no marking,no,no,no,42.9551748,-79.858644,3,sidewalk,1,Not Busy,1,Not Pedestrian Friendly
6463579940,6463579944,689055744,Unnamed Road,footway,1.0,53.035714285714285,False,False,25.544847727882228,no,Other,Other,no,no marking,no,no,no,42.9551748,-79.858644,3,sidewalk,1,Not Busy,1,Not Pedestrian Friendly
6463579944,6463579945,689055744,Unnamed Road,footway,1.0,53.035714285714285,False,False,14.806781580897486,no,Other,Other,no,no marking,no,no,no,42.9553741,-79.8587828,3,sidewalk,1,Not Busy,1,Not Pedestrian Friendly
6463579944,6463579940,689055744,Unnamed Road,footway,1.0,53.035714285714285,False,True,25.544847727882228,no,Other,Other,no,no marking,no,no,no,42.9553741,-79.8587828,3,sidewalk,1,Not Busy,1,Not Pedestrian Friendly
6463579944,7168038498,689055745,Unnamed Road,footway,1.0,53.035714285714285,False,False,17.22826438053264,no,Other,Other,no,no marking,no,no,no,42.9553741,-79.8587828,3,sidewalk,1,Not Busy,1,Not Pedestrian Friendly
6463579945,6463579944,689055744,Unnamed Road,footway,1.0,53.035714285714285,False,True,14.806781580897486,no,Other,Other,no,no marking,no,no,no,42.9553322,-79.8589555,1,sidewalk,1,Not Busy,1,Not Pedestrian Friendly
6463579950,6463579952,689055746,Ottawa Street North,footway,1.0,53.035714285714285,False,False,7.565450714343451,no,Other,Other,no,no marking,no,no,no,42.9532462,-79.8586866,3,sidewalk,1,Not Busy,1,Not Pedestrian Friendly
6463579950,811755192,67227306,Ottawa Street North,residential,2.0,53.035714285714285,False,False,23.288468340535783,no,Other,Other,no,no marking,asphalt,no,left,42.9532462,-79.8586866,3,sidewalk,1,Not Busy,3,Not Pedestrian Friendly
6463579950,811775136,67227306,Ottawa Street North,residential,2.0,53.035714285714285,False,True,80.62950056986826,no,Other,Other,no,no marking,asphalt,no,left,42.9532462,-79.8586866,3,sidewalk,1,Not Busy,3,Not Pedestrian Friendly
6463579951,6463579952,689055746,Unnamed Road,footway,1.0,53.035714285714285,False,True,4.391202849244377,no,Other,Other,no,no marking,no,no,no,42.9532155,-79.8588274,1,sidewalk,1,Not Busy,1,Not Pedestrian Friendly
6463579952,6463579951,689055746,Unnamed Road,footway,1.0,53.035714285714285,False,False,4.391202849244377,no,Other,Other,no,no marking,no,no,no,42.9532268,-79.8587757,4,sidewalk,1,Not Busy,1,Not Pedestrian Friendly
6463579952,6463579950,689055746,Unnamed Road,footway,1.0,53.035714285714285,False,True,7.565450714343451,no,Other,Other,no,no marking,no,no,no,42.9532268,-79.8587757,4,sidewalk,1,Not Busy,1,Not Pedestrian Friendly
6463579952,6463579937,689055742,Unnamed Road,footway,1.0,53.035714285714285,False,False,22.898602620676225,no,Other,Other,no,no marking,no,no,no,42.9532268,-79.8587757,4,sidewalk,1,Not Busy,1,Not Pedestrian Friendly
6463579952,6463579936,689055742,Unnamed Road,footway,1.0,53.035714285714285,False,True,80.76756172665586,no,Other,Other,no,no marking,no,no,no,42.9532268,-79.8587757,4,sidewalk,1,Not Busy,1,Not Pedestrian Friendly
6463579953,7158861367,689055747,Unnamed Road,footway,1.0,53.035714285714285,False,False,52.37612673661405,no,Other,Other,no,no marking,no,no,no,42.9505454,-79.8586008,3,sidewalk,1,Not Busy,1,Not Pedestrian Friendly
6463579953,6463579935,1013604444,Unnamed Road,footway,1.0,53.035714285714285,False,False,112.39320553500582,no,Other,Other,no,no marking,no,no,no,42.9505454,-79.8586008,3,sidewalk,1,Not Busy,1,Not Pedestrian Friendly
6463579953,6463579914,1013604444,Unnamed Road,footway,1.0,53.035714285714285,False,True,9.936481393694878,no,Other,Other,no,no marking,no,no,no,42.9505454,-79.8586008,3,sidewalk,1,Not Busy,1,Not Pedestrian Friendly
6463579953,6463579914,689055741,Unnamed Road,footway,1.0,53.035714285714285,False,True,9.936481393694878,no,Other,Other,marked,lines,no,no,no,42.9505454,-79.8586008,3,sidewalk,1,Not Busy,2,Not Pedestrian Friendly
6463579966,7158861423,689055749,Unnamed Road,footway,1.0,53.035714285714285,False,False,23.81817365706945,no,Other,Other,no,no marking,no,no,no,42.9508761,-79.8582151,3,sidewalk,1,Not Busy,1,Not Pedestrian Friendly
6463579966,7158861422,689055749,Unnamed Road,footway,1.0,53.035714285714285,False,True,21.77240626779945,no,Other,Other,no,no marking,no,no,no,42.9508761,-79.8582151,3,sidewalk,1,Not Busy,1,Not Pedestrian Friendly
6463579966,811755781,689055750,Unnamed Road,footway,1.0,53.035714285714285,False,False,49.538481602078576,no,Other,Other,no,no marking,no,no,no,42.9508761,-79.8582151,3,sidewalk,1,Not Busy,1,Not Pedestrian Friendly
6463579969,6463579970,689055751,Unnamed Road,footway,1.0,53.035714285714285,False,True,11.577713141349289,no,Other,Other,marked,lines,no,no,no,42.9497381,-79.8585131,3,sidewalk,1,Not Busy,2,Not Pedestrian Friendly
6463579969,6463579971,689055775,Unnamed Road,footway,1.0,53.035714285714285,False,True,1.2545551645441424,no,Other,Other,no,no marking,no,no,no,42.9497381,-79.8585131,3,sidewalk,1,Not Busy,1,Not Pedestrian Friendly
6463579969,7158861313,689055775,Unnamed Road,footway,1.0,53.035714285714285,False,False,24.460312330783,no,Other,Other,no,no marking,no,no,no,42.9497381,-79.8585131,3,sidewalk,1,Not Busy,1,Not Pedestrian Friendly
6463579970,6463579969,689055751,Cayuga Street North,footway,1.0,20.0,False,False,11.577713141349289,no,Other,Other,marked,lines,no,no,no,42.9497042,-79.8586476,4,crossing,0,Not Busy,2,Not Pedestrian Friendly
6463579970,6463579910,689055751,Cayuga Street North,footway,1.0,20.0,False,True,10.523027116593711,no,Other,Other,marked,lines,no,no,no,42.9497042,-79.8586476,4,crossing,0,Not Busy,2,Not Pedestrian Friendly
6463579970,7158861314,67224214,Cayuga Street North,residential,1.0,20.0,True,False,26.178649992276743,no,Other,Other,no,no marking,asphalt,no,both,42.9497042,-79.8586476,4,crossing,1,Not Busy,3,Not Pedestrian Friendly
6463579971,6463579973,689055752,Unnamed Road,footway,1.0,53.035714285714285,False,False,11.147159387464871,no,Other,Other,marked,lines,no,no,no,42.9497313,-79.8585008,3,sidewalk,1,Not Busy,2,Not Pedestrian Friendly
6463579971,6463579969,689055775,Unnamed Road,footway,1.0,53.035714285714285,False,False,1.2545551645441424,no,Other,Other,no,no marking,no,no,no,42.9497313,-79.8585008,3,sidewalk,1,Not Busy,1,Not Pedestrian Friendly
6463579971,6463584743,689055774,Unnamed Road,footway,1.0,53.035714285714285,False,True,103.0249209885788,no,Other,Other,marked,lines,no,no,no,42.9497313,-79.8585008,3,sidewalk,1,Not Busy,2,Not Pedestrian Friendly
6463579971,6463584743,689055775,Unnamed Road,footway,1.0,53.035714285714285,False,True,103.0249209885788,no,Other,Other,no,no marking,no,no,no,42.9497313,-79.8585008,3,sidewalk,1,Not Busy,1,Not Pedestrian Friendly
6463579973,9525603768,67222870,Talbot Street West,primary,2.0,50.0,False,False,46.396357681682986,no,Other,Other,no,no marking,asphalt,no,no,42.949636,-79.8585433,4,crossing,0,Not Busy,2,Not Pedestrian Friendly
6463579973,811760949,67222870,Talbot Street West,primary,2.0,50.0,False,True,10.186250651406375,no,Other,Other,no,no marking,asphalt,no,no,42.949636,-79.8585433,4,crossing,0,Not Busy,2,Not Pedestrian Friendly
6463579973,6463579974,689055752,Talbot Street West,footway,1.0,20.0,False,False,9.560047079057798,no,Other,Other,marked,lines,no,no,no,42.949636,-79.8585433,4,crossing,0,Not Busy,2,Not Pedestrian Friendly
6463579973,6463579971,689055752,Talbot Street West,footway,1.0,20.0,False,True,11.147159387464871,no,Other,Other,marked,lines,no,no,no,42.949636,-79.8585433,4,crossing,0,Not Busy,2,Not Pedestrian Friendly
6463579974,6463579973,689055752,Unnamed Road,footway,1.0,53.035714285714285,False,True,9.560047079057798,no,Other,Other,marked,lines,no,no,no,42.9495519,-79.8585677,4,sidewalk,1,Not Busy,2,Not Pedestrian Friendly
6463579974,6463579976,689055753,Unnamed Road,footway,1.0,53.035714285714285,False,False,9.501855786672811,no,Other,Other,marked,lines,no,no,no,42.9495519,-79.8585677,4,sidewalk,1,Not Busy,2,Not Pedestrian Friendly
6463579974,9525603774,689055760,Unnamed Road,footway,1.0,53.035714285714285,False,True,45.17859523487898,no,Other,Other,no,no marking,no,no,no,42.9495519,-79.8585677,4,sidewalk,1,Not Busy,1,Not Pedestrian Friendly
6463579974,9525603769,689055761,Unnamed Road,footway,1.0,53.035714285714285,False,False,51.39977216630582,no,Other,Other,no,no marking,no,no,no,42.9495519,-79.8585677,4,sidewalk,1,Not Busy,1,Not Pedestrian Friendly
6463579975,6463579976,689055753,Unnamed Road,footway,1.0,53.035714285714285,False,True,12.10104143294389,no,Other,Other,marked,lines,no,no,no,42.9494883,-79.8588185,3,sidewalk,1,Not Busy,2,Not Pedestrian Friendly
6463579975,6463579977,689055754,Unnamed Road,footway,1.0,53.035714285714285,False,False,9.014117012519836,no,Other,Other,marked,lines,no,no,no,42.9494883,-79.8588185,3,sidewalk,1,Not Busy,2,Not Pedestrian Friendly
6463579975,6463579984,689055756,Unnamed Road,footway,1.0,53.035714285714285,False,False,144.65089339331738,no,Other,Other,no,no marking,no,no,no,42.9494883,-79.8588185,3,sidewalk,1,Not Busy,1,Not Pedestrian Friendly
6463579976,811760949,67223431,Cayuga Street South,residential,2.0,20.0,False,False,9.237184494749286,no,Other,Other,no,no marking,asphalt,no,no,42.9495239,-79.858678,4,crossing,0,Not Busy,2,Not Pedestrian Friendly
6463579976,811761633,67223431,Cayuga Street South,residential,2.0,20.0,False,True,32.70191432924269,no,Other,Other,no,no marking,asphalt,no,no,42.9495239,-79.858678,4,crossing,0,Not Busy,2,Not Pedestrian Friendly
6463579976,6463579975,689055753,Cayuga Street South,footway,1.0,20.0,False,False,12.10104143294389,no,Other,Other,marked,lines,no,no,no,42.9495239,-79.858678,4,crossing,0,Not Busy,2,Not Pedestrian Friendly
6463579976,6463579974,689055753,Cayuga Street South,footway,1.0,20.0,False,True,9.501855786672811,no,Other,Other,marked,lines,no,no,no,42.9495239,-79.858678,4,crossing,0,Not Busy,2,Not Pedestrian Friendly
6463579977,811760949,67222870,Talbot Street West,primary,2.0,50.0,False,False,12.068729339965868,no,Other,Other,no,no marking,asphalt,no,no,42.9495683,-79.8588006,4,crossing,0,Not Busy,2,Not Pedestrian Friendly
6463579977,6463579910,689055754,Talbot Street West,footway,1.0,20.0,False,False,11.961606161208122,no,Other,Other,marked,lines,no,no,no,42.9495683,-79.8588006,4,crossing,0,Not Busy,2,Not Pedestrian Friendly
6463579977,6463579975,689055754,Talbot Street West,footway,1.0,20.0,False,True,9.014117012519836,no,Other,Other,marked,lines,no,no,no,42.9495683,-79.8588006,4,crossing,0,Not Busy,2,Not Pedestrian Friendly
6463579977,811766886,67222870,Talbot Street West,primary,2.0,50.0,False,True,95.43915499,no,Other,Other,no,no marking,asphalt,no,no,42.9495683,-79.8588006,4,crossing,0,Not Busy,2,Not Pedestrian Friendly
6463579984,6463579975,689055756,Unnamed Road,footway,1.0,53.035714285714285,False,True,144.65089339331738,no,Other,Other,no,no marking,no,no,no,42.9482093,-79.859015,1,sidewalk,1,Not Busy,1,Not Pedestrian Friendly
6463584685,6463584692,689055757,Unnamed Road,footway,1.0,53.035714285714285,False,False,71.23531318133502,no,Other,Other,no,no marking,no,no,no,42.9485835,-79.8587487,1,sidewalk,1,Not Busy,1,Not Pedestrian Friendly
6463584691,811759777,67223053,Chippawa Street West,residential,2.0,53.035714285714285,False,True,5.259027364399766,no,Other,Other,no,no marking,asphalt,no,no,42.9457706,-79.8586107,3,sidewalk,1,Not Busy,2,Not Pedestrian Friendly
6463584691,811761464,67223053,Chippawa Street West,residential,2.0,53.035714285714285,False,False,137.76979650486518,no,Other,Other,no,no marking,asphalt,no,no,42.9457706,-79.8586107,3,sidewalk,1,Not Busy,2,Not Pedestrian Friendly
6463584691,6463584695,689055757,Chippawa Street West,footway,1.0,53.035714285714285,False,True,95.46749182882978,no,Other,Other,no,no marking,no,no,no,42.9457706,-79.8586107,3,sidewalk,1,Not Busy,1,Not Pedestrian Friendly
6463584692,811778739,67227265,Brant Street West,residential,2.0,20.0,False,True,7.551433858491517,no,Other,Other,no,no marking,asphalt,no,no,42.9479479,-79.8588582,4,crossing,0,Not Busy,2,Not Pedestrian Friendly
6463584692,6463584685,689055757,Brant Street West,footway,1.0,20.0,False,True,71.23531318133502,no,Other,Other,no,no marking,no,no,no,42.9479479,-79.8588582,4,crossing,0,Not Busy,1,Not Pedestrian Friendly
6463584692,6463584700,67227265,Brant Street West,residential,2.0,20.0,False,False,82.16090287475073,no,Other,Other,no,no marking,asphalt,no,no,42.9479479,-79.8588582,4,crossing,0,Not Busy,2,Not Pedestrian Friendly
6463584692,6463584693,689055757,Brant Street West,footway,1.0,20.0,False,False,148.23699428785676,no,Other,Other,no,no marking,no,no,no,42.9479479,-79.8588582,4,crossing,0,Not Busy,1,Not Pedestrian Friendly
6463584693,6463584701,67223305,Tuscarora Street West,residential,2.0,20.0,False,False,132.79846542669426,no,Other,Other,no,no marking,asphalt,no,no,42.946625,-79.8590207,4,crossing,0,Not Busy,2,Not Pedestrian Friendly
6463584693,811767102,67223305,Tuscarora Street West,residential,2.0,20.0,False,True,8.813011096049992,no,Other,Other,no,no marking,asphalt,no,no,42.946625,-79.8590207,4,crossing,0,Not Busy,2,Not Pedestrian Friendly
6463584693,6463584695,689055757,Tuscarora Street West,footway,1.0,20.0,False,False,5.2909429380985085,no,Other,Other,no,no marking,no,no,no,42.946625,-79.8590207,4,crossing,0,Not Busy,1,Not Pedestrian Friendly
6463584693,6463584692,689055757,Tuscarora Street West,footway,1.0,20.0,False,True,148.23699428785673,no,Other,Other,no,no marking,no,no,no,42.946625,-79.8590207,4,crossing,0,Not Busy,1,Not Pedestrian Friendly
6463584694,811767102,67223431,Cayuga Street South,residential,2.0,53.035714285714285,False,False,3.991134968051112,no,Other,Other,no,no marking,asphalt,no,no,42.9465642,-79.859106,3,sidewalk,1,Not Busy,2,Not Pedestrian Friendly
6463584694,6463584695,689055758,Cayuga Street South,footway,1.0,53.035714285714285,False,False,8.413618904244895,no,Other,Other,no,no marking,no,no,no,42.9465642,-79.859106,3,sidewalk,1,Not Busy,1,Not Pedestrian Friendly
6463584694,811759777,67223431,Cayuga Street South,residential,2.0,53.035714285714285,False,True,96.78289389752236,no,Other,Other,no,no marking,asphalt,no,no,42.9465642,-79.859106,3,sidewalk,1,Not Busy,2,Not Pedestrian Friendly
6463584695,6463584693,689055757,Unnamed Road,footway,1.0,53.035714285714285,False,True,5.2909429380985085,no,Other,Other,no,no marking,no,no,no,42.9465789,-79.8590046,4,sidewalk,1,Not Busy,1,Not Pedestrian Friendly
6463584695,6463584694,689055758,Unnamed Road,footway,1.0,53.035714285714285,False,True,8.413618904244895,no,Other,Other,no,no marking,no,no,no,42.9465789,-79.8590046,4,sidewalk,1,Not Busy,1,Not Pedestrian Friendly
6463584695,6463584691,689055757,Unnamed Road,footway,1.0,53.035714285714285,False,False,95.46749182882978,no,Other,Other,no,no marking,no,no,no,42.9465789,-79.8590046,4,sidewalk,1,Not Busy,1,Not Pedestrian Friendly
6463584695,6463584697,689055758,Unnamed Road,footway,1.0,53.035714285714285,False,False,133.34239665512868,no,Other,Other,no,no marking,no,no,no,42.9465789,-79.8590046,4,sidewalk,1,Not Busy,1,Not Pedestrian Friendly
6463584697,6463584701,689055759,Unnamed Road,footway,1.0,53.035714285714285,False,False,7.372657262,no,Other,Other,no,no marking,no,no,no,42.9469699,-79.8574559,3,sidewalk,1,Not Busy,1,Not Pedestrian Friendly
6463584697,6463584698,689055759,Unnamed Road,footway,1.0,53.035714285714285,False,True,87.58173272562375,no,Other,Other,no,no marking,no,no,no,42.9469699,-79.8574559,3,sidewalk,1,Not Busy,1,Not Pedestrian Friendly
6463584697,6463584695,689055758,Unnamed Road,footway,1.0,53.035714285714285,False,True,133.34239665512868,no,Other,Other,no,no marking,no,no,no,42.9469699,-79.8574559,3,sidewalk,1,Not Busy,1,Not Pedestrian Friendly
6463584698,6463584697,689055759,Unnamed Road,footway,1.0,53.035714285714285,False,False,87.58173272562375,no,Other,Other,no,no marking,no,no,no,42.9462215,-79.8571205,1,sidewalk,1,Not Busy,1,Not Pedestrian Friendly
6463584700,811757792,67227265,Brant Street West,residential,2.0,53.035714285714285,False,False,5.459250786952354,no,Other,Other,no,no marking,asphalt,no,no,42.9478747,-79.8578543,3,sidewalk,1,Not Busy,2,Not Pedestrian Friendly
6463584700,6463584692,67227265,Brant Street West,residential,2.0,53.035714285714285,False,True,82.16090287475073,no,Other,Other,no,no marking,asphalt,no,no,42.9478747,-79.8578543,3,sidewalk,1,Not Busy,2,Not Pedestrian Friendly
6463584700,6463584701,689055759,Brant Street West,footway,1.0,53.035714285714285,False,True,98.34218137506288,no,Other,Other,no,no marking,no,no,no,42.9478747,-79.8578543,3,sidewalk,1,Not Busy,1,Not Pedestrian Friendly
6463584701,811775453,67223305,Tuscarora Street West,residential,2.0,20.0,False,False,5.575927866596342,no,Other,Other,no,no marking,asphalt,no,no,42.9470322,-79.8574869,4,crossing,0,Not Busy,2,Not Pedestrian Friendly
6463584701,6463584693,67223305,Tuscarora Street West,residential,2.0,20.0,False,True,132.79846542669426,no,Other,Other,no,no marking,asphalt,no,no,42.9470322,-79.8574869,4,crossing,0,Not Busy,2,Not Pedestrian Friendly
6463584701,6463584697,689055759,Tuscarora Street West,footway,1.0,20.0,False,True,7.372657262,no,Other,Other,no,no marking,no,no,no,42.9470322,-79.8574869,4,crossing,0,Not Busy,1,Not Pedestrian Friendly
6463584701,6463584700,689055759,Tuscarora Street West,footway,1.0,20.0,False,False,98.34218137506288,no,Other,Other,no,no marking,no,no,no,42.9470322,-79.8574869,4,crossing,0,Not Busy,1,Not Pedestrian Friendly
6463584702,6463584722,67227265,Brant Street West,residential,2.0,53.035714285714285,False,False,104.68995434357916,no,Other,Other,no,no marking,asphalt,no,no,42.947897,-79.8576934,4,sidewalk,1,Not Busy,2,Not Pedestrian Friendly
6463584702,811757792,67227265,Brant Street West,residential,2.0,53.035714285714285,False,True,8.117464778,no,Other,Other,no,no marking,asphalt,no,no,42.947897,-79.8576934,4,sidewalk,1,Not Busy,2,Not Pedestrian Friendly
6463584702,6463584707,689055760,Brant Street West,footway,1.0,53.035714285714285,False,False,105.63601648215892,no,Other,Other,no,no marking,no,no,no,42.947897,-79.8576934,4,sidewalk,1,Not Busy,1,Not Pedestrian Friendly
6463584702,6463584723,689055767,Brant Street West,footway,1.0,53.035714285714285,False,True,109.34139934103652,no,Other,Other,no,no marking,no,no,no,42.947897,-79.8576934,4,sidewalk,1,Not Busy,1,Not Pedestrian Friendly
6463584707,811784572,67224556,McKay Street West,residential,2.0,20.0,False,True,6.818580169366905,no,Other,Other,no,no marking,asphalt,no,no,42.9487971,-79.8581083,4,crossing,0,Not Busy,2,Not Pedestrian Friendly
6463584707,811754697,67224556,McKay Street West,residential,2.0,20.0,False,False,113.15607885260242,no,Other,Other,no,no marking,asphalt,no,no,42.9487971,-79.8581083,4,crossing,0,Not Busy,2,Not Pedestrian Friendly
6463584707,9525603774,689055760,McKay Street West,footway,1.0,20.0,False,False,55.229442399700886,no,Other,Other,no,no marking,no,no,no,42.9487971,-79.8581083,4,crossing,0,Not Busy,1,Not Pedestrian Friendly
6463584707,6463584702,689055760,McKay Street West,footway,1.0,20.0,False,True,105.63601648215892,no,Other,Other,no,no marking,no,no,no,42.9487971,-79.8581083,4,crossing,0,Not Busy,1,Not Pedestrian Friendly
6463584711,6463584712,689055762,Unnamed Road,footway,1.0,53.035714285714285,False,True,9.048014623,no,Other,Other,marked,lines,no,no,no,42.9499287,-79.8570496,3,sidewalk,1,Not Busy,2,Not Pedestrian Friendly
6463584711,7158861336,689055768,Unnamed Road,footway,1.0,53.035714285714285,False,False,79.70338452679161,no,Other,Other,no,no marking,no,no,no,42.9499287,-79.8570496,3,sidewalk,1,Not Busy,1,Not Pedestrian Friendly
6463584711,6463584716,689055763,Unnamed Road,footway,1.0,53.035714285714285,False,False,90.53008753074008,no,Other,Other,no,no marking,no,no,no,42.9499287,-79.8570496,3,sidewalk,1,Not Busy,1,Not Pedestrian Friendly
6463584711,6463584716,689055764,Unnamed Road,footway,1.0,53.035714285714285,False,False,90.53008753074008,no,Other,Other,marked,lines,no,no,no,42.9499287,-79.8570496,3,sidewalk,1,Not Busy,2,Not Pedestrian Friendly
6463584712,811778283,67223061,Ottawa Street South,residential,2.0,20.0,False,False,8.055756449642836,no,Other,Other,no,no marking,asphalt,no,no,42.949899,-79.8571531,4,crossing,0,Not Busy,2,Not Pedestrian Friendly
6463584712,6463584711,689055762,Ottawa Street South,footway,1.0,20.0,False,False,9.048014623,no,Other,Other,marked,lines,no,no,no,42.949899,-79.8571531,4,crossing,0,Not Busy,2,Not Pedestrian Friendly
6463584712,811754697,67223061,Ottawa Street South,residential,2.0,20.0,False,True,90.08393080379996,no,Other,Other,no,no marking,asphalt,no,no,42.949899,-79.8571531,4,crossing,0,Not Busy,2,Not Pedestrian Friendly
6463584712,9525603769,689055761,Ottawa Street South,footway,1.0,20.0,False,True,70.10695299025575,no,Other,Other,no,no marking,no,no,no,42.949899,-79.8571531,4,crossing,0,Not Busy,1,Not Pedestrian Friendly
6463584712,9525603769,689055762,Ottawa Street South,footway,1.0,20.0,False,True,70.10695299025575,no,Other,Other,marked,lines,no,no,no,42.949899,-79.8571531,4,crossing,0,Not Busy,2,Not Pedestrian Friendly
6463584716,811754697,67224556,McKay Street West,residential,2.0,20.0,False,True,7.80639627,no,Other,Other,no,no marking,asphalt,no,no,42.9491547,-79.8567047,4,crossing,0,Not Busy,2,Not Pedestrian Friendly
6463584716,811772584,67224556,McKay Street West,residential,2.0,20.0,False,False,112.76390033178104,no,Other,Other,no,no marking,asphalt,no,no,42.9491547,-79.8567047,4,crossing,0,Not Busy,2,Not Pedestrian Friendly
6463584716,6463584717,689055764,McKay Street West,footway,1.0,20.0,False,False,104.51181878368544,no,Other,Other,marked,lines,no,no,no,42.9491547,-79.8567047,4,crossing,0,Not Busy,2,Not Pedestrian Friendly
6463584716,6463584717,689055765,McKay Street West,footway,1.0,20.0,False,False,104.51181878368544,no,Other,Other,no,no marking,no,no,no,42.9491547,-79.8567047,4,crossing,0,Not Busy,1,Not Pedestrian Friendly
6463584716,6463584711,689055763,McKay Street West,footway,1.0,20.0,False,True,90.53008753074008,no,Other,Other,no,no marking,no,no,no,42.9491547,-79.8567047,4,crossing,0,Not Busy,1,Not Pedestrian Friendly
6463584716,6463584711,689055764,McKay Street West,footway,1.0,20.0,False,True,90.53008753074008,no,Other,Other,marked,lines,no,no,no,42.9491547,-79.8567047,4,crossing,0,Not Busy,2,Not Pedestrian Friendly
6463584717,811753097,67227265,Brant Street West,residential,2.0,53.035714285714285,False,True,9.424228112326425,no,Other,Other,no,no marking,asphalt,no,no,42.948266,-79.8562867,3,sidewalk,1,Not Busy,2,Not Pedestrian Friendly
6463584717,811771233,67227265,Brant Street West,residential,2.0,53.035714285714285,False,False,111.24453615603376,no,Other,Other,no,no marking,asphalt,no,no,42.948266,-79.8562867,3,sidewalk,1,Not Busy,2,Not Pedestrian Friendly
6463584717,6463584716,689055764,Brant Street West,footway,1.0,53.035714285714285,False,True,104.51181878368544,no,Other,Other,marked,lines,no,no,no,42.948266,-79.8562867,3,sidewalk,1,Not Busy,2,Not Pedestrian Friendly
6463584717,6463584716,689055765,Brant Street West,footway,1.0,53.035714285714285,False,True,104.51181878368544,no,Other,Other,no,no marking,no,no,no,42.948266,-79.8562867,3,sidewalk,1,Not Busy,1,Not Pedestrian Friendly
6463584718,6463584722,689055766,Unnamed Road,footway,1.0,53.035714285714285,False,False,32.76039698121747,no,Other,Other,no,no marking,no,no,no,42.9484923,-79.8566148,1,sidewalk,1,Not Busy,1,Not Pedestrian Friendly
6463584721,811781696,67223305,Tuscarora Street West,residential,2.0,53.035714285714285,False,False,6.898368748391012,no,Other,Other,no,no marking,asphalt,no,no,42.9473928,-79.8561104,3,sidewalk,1,Not Busy,2,Not Pedestrian Friendly
6463584721,811775453,67223305,Tuscarora Street West,residential,2.0,53.035714285714285,False,True,113.42029200219964,no,Other,Other,no,no marking,asphalt,no,no,42.9473928,-79.8561104,3,sidewalk,1,Not Busy,2,Not Pedestrian Friendly
6463584721,6463584723,689055766,Tuscarora Street West,footway,1.0,53.035714285714285,False,True,89.46556956949573,no,Other,Other,no,no marking,no,no,no,42.9473928,-79.8561104,3,sidewalk,1,Not Busy,1,Not Pedestrian Friendly
6463584722,811753097,67227265,Brant Street West,residential,2.0,20.0,False,False,7.509817213059621,no,Other,Other,no,no marking,asphalt,no,no,42.9482141,-79.8564823,4,crossing,0,Not Busy,2,Not Pedestrian Friendly
6463584722,6463584702,67227265,Brant Street West,residential,2.0,20.0,False,True,104.68995434357916,no,Other,Other,no,no marking,asphalt,no,no,42.9482141,-79.8564823,4,crossing,0,Not Busy,2,Not Pedestrian Friendly
6463584722,6463584718,689055766,Brant Street West,footway,1.0,20.0,False,True,32.76039698121747,no,Other,Other,no,no marking,no,no,no,42.9482141,-79.8564823,4,crossing,0,Not Busy,1,Not Pedestrian Friendly
6463584722,6463584723,689055766,Brant Street West,footway,1.0,20.0,False,False,6.745234798056334,no,Other,Other,no,no marking,no,no,no,42.9482141,-79.8564823,4,crossing,0,Not Busy,1,Not Pedestrian Friendly
6463584723,6463584721,689055766,Unnamed Road,footway,1.0,53.035714285714285,False,False,89.46556956949573,no,Other,Other,no,no marking,no,no,no,42.9481567,-79.8564555,3,sidewalk,1,Not Busy,1,Not Pedestrian Friendly
6463584723,6463584722,689055766,Unnamed Road,footway,1.0,53.035714285714285,False,True,6.745234798056334,no,Other,Other,no,no marking,no,no,no,42.9481567,-79.8564555,3,sidewalk,1,Not Busy,1,Not Pedestrian Friendly
6463584723,6463584702,689055767,Unnamed Road,footway,1.0,53.035714285714285,False,False,109.34139934103648,no,Other,Other,no,no marking,no,no,no,42.9481567,-79.8564555,3,sidewalk,1,Not Busy,1,Not Pedestrian Friendly
6463584728,6463584731,689055768,Unnamed Road,footway,1.0,53.035714285714285,False,True,1.92938833,no,Other,Other,no,no marking,no,no,no,42.9502157,-79.855836,1,sidewalk,1,Not Busy,1,Not Pedestrian Friendly
6463584729,3912827459,689055769,Unnamed Road,footway,1.0,53.035714285714285,False,False,7.736217477055594,no,Other,Other,marked,lines,no,no,no,42.9503731,-79.8559209,3,sidewalk,1,Not Busy,2,Not Pedestrian Friendly
6463584729,3912827461,689055772,Unnamed Road,footway,1.0,53.035714285714285,False,False,9.600658339838022,no,Other,Other,marked,lines,no,no,no,42.9503731,-79.8559209,3,sidewalk,1,Not Busy,2,Not Pedestrian Friendly
6463584729,11339644325,689055773,Unnamed Road,footway,1.0,53.035714285714285,False,False,11.13855968068431,no,Other,Other,no,no marking,no,no,no,42.9503731,-79.8559209,3,sidewalk,1,Not Busy,1,Not Pedestrian Friendly
6463584730,6463584731,689055768,Unnamed Road,footway,1.0,53.035714285714285,False,False,0.7730930908140893,no,Other,Other,no,no marking,no,no,no,42.9502225,-79.8558669,3,sidewalk,1,Not Busy,1,Not Pedestrian Friendly
6463584730,3912827459,689055769,Unnamed Road,footway,1.0,53.035714285714285,False,True,9.576892827507631,no,Other,Other,marked,lines,no,no,no,42.9502225,-79.8558669,3,sidewalk,1,Not Busy,2,Not Pedestrian Friendly
6463584730,7158861336,689055768,Unnamed Road,footway,1.0,53.035714285714285,False,True,22.091528486981808,no,Other,Other,no,no marking,no,no,no,42.9502225,-79.8558669,3,sidewalk,1,Not Busy,1,Not Pedestrian Friendly
6463584731,6463584730,689055768,Unnamed Road,footway,1.0,53.035714285714285,False,True,0.7730930908140893,no,Other,Other,no,no marking,no,no,no,42.9502215,-79.8558575,3,sidewalk,1,Not Busy,1,Not Pedestrian Friendly
6463584731,3912827458,689055770,Unnamed Road,footway,1.0,53.035714285714285,False,False,10.018552480350058,no,Other,Other,marked,lines,no,no,no,42.9502215,-79.8558575,3,sidewalk,1,Not Busy,2,Not Pedestrian Friendly
6463584731,6463584728,689055768,Unnamed Road,footway,1.0,53.035714285714285,False,False,1.92938833,no,Other,Other,no,no marking,no,no,no,42.9502215,-79.8558575,3,sidewalk,1,Not Busy,1,Not Pedestrian Friendly
6463584732,3912827458,689055770,Unnamed Road,footway,1.0,53.035714285714285,False,True,7.578842265858305,no,Other,Other,marked,lines,no,no,no,42.9502707,-79.855652,3,sidewalk,1,Not Busy,2,Not Pedestrian Friendly
6463584732,6463584733,689056868,Unnamed Road,footway,1.0,53.035714285714285,False,True,1.887365359446509,no,Other,Other,no,no marking,no,no,no,42.9502707,-79.855652,3,sidewalk,1,Not Busy,1,Not Pedestrian Friendly
6463584732,7158861337,689056868,Unnamed Road,footway,1.0,53.035714285714285,False,False,16.83951084123736,no,Other,Other,no,no marking,no,no,no,42.9502707,-79.855652,3,sidewalk,1,Not Busy,1,Not Pedestrian Friendly
6463584733,3912827460,689055771,Unnamed Road,footway,1.0,53.035714285714285,False,False,9.60896229,no,Other,Other,marked,lines,no,no,no,42.9502824,-79.8556352,3,sidewalk,1,Not Busy,2,Not Pedestrian Friendly
6463584733,6463584732,689056868,Unnamed Road,footway,1.0,53.035714285714285,False,False,1.887365359446509,no,Other,Other,no,no marking,no,no,no,42.9502824,-79.8556352,3,sidewalk,1,Not Busy,1,Not Pedestrian Friendly
6463584733,7158861338,689056885,Unnamed Road,footway,1.0,53.035714285714285,False,True,52.21819123759459,no,Other,Other,no,no marking,no,no,no,42.9502824,-79.8556352,3,sidewalk,1,Not Busy,1,Not Pedestrian Friendly
6463584734,6463584735,689055771,Unnamed Road,footway,1.0,53.035714285714285,False,True,2.302141711,no,Other,Other,marked,lines,no,no,no,42.950454,-79.8557104,3,sidewalk,1,Not Busy,2,Not Pedestrian Friendly
6463584734,6463584778,689055785,Unnamed Road,footway,1.0,53.035714285714285,False,False,112.15730934940564,no,Other,Other,no,no marking,no,no,no,42.950454,-79.8557104,3,sidewalk,1,Not Busy,1,Not Pedestrian Friendly
6463584734,6463584778,689055786,Unnamed Road,footway,1.0,53.035714285714285,False,False,112.15730934940564,no,Other,Other,marked,lines,no,no,no,42.950454,-79.8557104,3,sidewalk,1,Not Busy,2,Not Pedestrian Friendly
6463584734,6463584766,689055784,Unnamed Road,footway,1.0,53.035714285714285,False,True,93.24257215163946,no,Other,Other,marked,lines,no,no,no,42.950454,-79.8557104,3,sidewalk,1,Not Busy,2,Not Pedestrian Friendly
6463584734,6463584766,689055785,Unnamed Road,footway,1.0,53.035714285714285,False,True,93.24257215163946,no,Other,Other,no,no marking,no,no,no,42.950454,-79.8557104,3,sidewalk,1,Not Busy,1,Not Pedestrian Friendly
6463584735,6463584734,689055771,Unnamed Road,footway,1.0,53.035714285714285,False,False,2.302141711,no,Other,Other,marked,lines,no,no,no,42.9504343,-79.8557017,3,sidewalk,1,Not Busy,2,Not Pedestrian Friendly
6463584735,3912827460,689055771,Unnamed Road,footway,1.0,53.035714285714285,False,True,8.127542039305272,no,Other,Other,marked,lines,no,no,no,42.9504343,-79.8557017,3,sidewalk,1,Not Busy,2,Not Pedestrian Friendly
6463584735,3912827461,689055772,Unnamed Road,footway,1.0,53.035714285714285,False,True,9.493549390350823,no,Other,Other,marked,lines,no,no,no,42.9504343,-79.8557017,3,sidewalk,1,Not Busy,2,Not Pedestrian Friendly
6463584743,2991282940,689055774,Unnamed Road,footway,1.0,53.035714285714285,False,True,6.933894891241715,no,Other,Other,marked,lines,no,no,no,42.950032,-79.8573091,3,sidewalk,1,Not Busy,2,Not Pedestrian Friendly
6463584743,6463584744,689055776,Unnamed Road,footway,1.0,53.035714285714285,False,False,27.318116273947236,no,Other,Other,no,no marking,no,no,no,42.950032,-79.8573091,3,sidewalk,1,Not Busy,1,Not Pedestrian Friendly
6463584743,6463579971,689055774,Unnamed Road,footway,1.0,53.035714285714285,False,False,103.0249209885788,no,Other,Other,marked,lines,no,no,no,42.950032,-79.8573091,3,sidewalk,1,Not Busy,2,Not Pedestrian Friendly
6463584743,6463579971,689055775,Unnamed Road,footway,1.0,53.035714285714285,False,False,103.0249209885788,no,Other,Other,no,no marking,no,no,no,42.950032,-79.8573091,3,sidewalk,1,Not Busy,1,Not Pedestrian Friendly
6463584744,6463584743,689055776,Unnamed Road,footway,1.0,53.035714285714285,False,True,27.318116273947236,no,Other,Other,no,no marking,no,no,no,42.9502637,-79.8574207,3,sidewalk,1,Not Busy,1,Not Pedestrian Friendly
6463584744,6463584745,689055777,Unnamed Road,footway,1.0,53.035714285714285,False,False,8.280302126156933,no,Other,Other,no,no marking,no,no,no,42.9502637,-79.8574207,3,sidewalk,1,Not Busy,1,Not Pedestrian Friendly
6463584744,7158861313,689055776,Unnamed Road,footway,1.0,53.035714285714285,False,False,129.16292880565584,no,Other,Other,no,no marking,no,no,no,42.9502637,-79.8574207,3,sidewalk,1,Not Busy,1,Not Pedestrian Friendly
6463584744,7158861313,689055775,Unnamed Road,footway,1.0,53.035714285714285,False,False,129.16292880565584,no,Other,Other,no,no marking,no,no,no,42.9502637,-79.8574207,3,sidewalk,1,Not Busy,1,Not Pedestrian Friendly
6463584745,811756661,67223718,Ottawa Street North,residential,2.0,53.035714285714285,False,False,15.704087053750408,no,Other,Other,no,no marking,asphalt,no,no,42.9502568,-79.8573194,3,sidewalk,1,Not Busy,2,Not Pedestrian Friendly
6463584745,6463584744,689055777,Ottawa Street North,footway,1.0,53.035714285714285,False,True,8.280302126156933,no,Other,Other,no,no marking,no,no,no,42.9502568,-79.8573194,3,sidewalk,1,Not Busy,1,Not Pedestrian Friendly
6463584745,2991282940,67223718,Ottawa Street North,residential,2.0,53.035714285714285,False,True,25.14651581279473,no,Other,Other,no,no marking,asphalt,no,no,42.9502568,-79.8573194,3,sidewalk,1,Not Busy,2,Not Pedestrian Friendly
6463584746,11339644325,689055773,Unnamed Road,footway,1.0,53.035714285714285,False,True,92.35326639,no,Other,Other,no,no marking,no,no,no,42.9500718,-79.857124,3,sidewalk,1,Not Busy,1,Not Pedestrian Friendly
6463584746,6463584761,689055778,Unnamed Road,footway,1.0,53.035714285714285,False,False,87.32269273900523,no,Other,Other,no,no marking,no,no,no,42.9500718,-79.857124,3,sidewalk,1,Not Busy,1,Not Pedestrian Friendly
6463584746,2991282940,689055773,Unnamed Road,footway,1.0,53.035714285714285,False,False,8.878810173018552,no,Other,Other,no,no marking,no,no,no,42.9500718,-79.857124,3,sidewalk,1,Not Busy,1,Not Pedestrian Friendly
6463584746,2991282940,689055774,Unnamed Road,footway,1.0,53.035714285714285,False,False,8.878810173018552,no,Other,Other,marked,lines,no,no,no,42.9500718,-79.857124,3,sidewalk,1,Not Busy,2,Not Pedestrian Friendly
6463584749,811774790,67223286,Mohawk Street West,residential,2.0,20.0,False,True,9.110400353902998,no,Other,Other,no,no marking,asphalt,no,no,42.9517045,-79.8578696,4,crossing,0,Not Busy,2,Not Pedestrian Friendly
6463584749,6463584755,689055778,Mohawk Street West,footway,1.0,20.0,False,True,5.366594612200805,no,Other,Other,no,no marking,no,no,no,42.9517045,-79.8578696,4,crossing,0,Not Busy,1,Not Pedestrian Friendly
6463584749,416702244,67223286,Mohawk Street West,residential,2.0,20.0,False,False,113.72683399922788,no,Other,Other,no,no marking,asphalt,no,no,42.9517045,-79.8578696,4,crossing,0,Not Busy,2,Not Pedestrian Friendly
6463584749,6463584753,689055778,Mohawk Street West,footway,1.0,20.0,False,False,10.470177695096115,no,Other,Other,no,no marking,no,no,no,42.9517045,-79.8578696,4,crossing,0,Not Busy,1,Not Pedestrian Friendly
6463584750,811755781,67225880,Kerr Street West,residential,2.0,20.0,False,True,11.221352734148216,no,Other,Other,no,no marking,asphalt,no,no,42.9508755,-79.8574796,4,crossing,0,Not Busy,2,Not Pedestrian Friendly
6463584750,6463584758,689055778,Kerr Street West,footway,1.0,20.0,False,False,8.392831152,no,Other,Other,no,no marking,no,no,no,42.9508755,-79.8574796,4,crossing,0,Not Busy,1,Not Pedestrian Friendly
6463584750,6463584761,689055778,Kerr Street West,footway,1.0,20.0,False,True,6.614372735360078,no,Other,Other,no,no marking,no,no,no,42.9508755,-79.8574796,4,crossing,0,Not Busy,1,Not Pedestrian Friendly
6463584750,416694987,67225880,Kerr Street West,residential,2.0,20.0,False,False,111.90802481019826,no,Other,Other,no,no marking,asphalt,no,no,42.9508755,-79.8574796,4,crossing,0,Not Busy,2,Not Pedestrian Friendly
6463584751,3951688536,689055778,Unnamed Road,footway,1.0,53.035714285714285,False,False,7.976494334151755,no,Other,Other,no,no marking,no,no,no,42.9525158,-79.8582385,3,sidewalk,1,Not Busy,1,Not Pedestrian Friendly
6463584751,6463584753,689055778,Unnamed Road,footway,1.0,53.035714285714285,False,True,84.60808449719248,no,Other,Other,no,no marking,no,no,no,42.9525158,-79.8582385,3,sidewalk,1,Not Busy,1,Not Pedestrian Friendly
6463584751,6463584752,689055779,Unnamed Road,footway,1.0,53.035714285714285,False,False,102.35986800303228,no,Other,Other,no,no marking,no,no,no,42.9525158,-79.8582385,3,sidewalk,1,Not Busy,1,Not Pedestrian Friendly
6463584752,6463584751,689055779,Unnamed Road,footway,1.0,53.035714285714285,False,True,102.35986800303228,no,Other,Other,no,no marking,no,no,no,42.9528099,-79.8570467,1,sidewalk,1,Not Busy,1,Not Pedestrian Friendly
6463584753,6463584751,689055778,Unnamed Road,footway,1.0,53.035714285714285,False,False,84.60808449719248,no,Other,Other,no,no marking,no,no,no,42.9517935,-79.8579116,3,sidewalk,1,Not Busy,1,Not Pedestrian Friendly
6463584753,6463584754,689055780,Unnamed Road,footway,1.0,53.035714285714285,False,False,113.71267005416644,no,Other,Other,no,no marking,no,no,no,42.9517935,-79.8579116,3,sidewalk,1,Not Busy,1,Not Pedestrian Friendly
6463584753,6463584749,689055778,Unnamed Road,footway,1.0,53.035714285714285,False,True,10.470177695096115,no,Other,Other,no,no marking,no,no,no,42.9517935,-79.8579116,3,sidewalk,1,Not Busy,1,Not Pedestrian Friendly
6463584754,416698555,67222638,Munsee Street North,secondary,2.0,50.0,False,False,91.06050490234276,no,Other,Other,no,no marking,asphalt,yes,right,42.9521329,-79.8565936,3,sidewalk,0,Not Busy,4,Pedestrian Friendly
6463584754,416702244,67222638,Munsee Street North,secondary,2.0,50.0,False,True,8.986353738651104,no,Other,Other,no,no marking,asphalt,yes,right,42.9521329,-79.8565936,3,sidewalk,0,Not Busy,4,Pedestrian Friendly
6463584754,6463584753,689055780,Munsee Street North,footway,1.0,53.035714285714285,False,True,113.71267005416644,no,Other,Other,no,no marking,no,no,no,42.9521329,-79.8565936,3,sidewalk,1,Not Busy,1,Not Pedestrian Friendly
6463584755,6463584749,689055778,Unnamed Road,footway,1.0,53.035714285714285,False,False,5.366594612200805,no,Other,Other,no,no marking,no,no,no,42.9516589,-79.857848,3,sidewalk,1,Not Busy,1,Not Pedestrian Friendly
6463584755,6463584758,689055778,Unnamed Road,footway,1.0,53.035714285714285,False,True,83.73478352520154,no,Other,Other,no,no marking,no,no,no,42.9516589,-79.857848,3,sidewalk,1,Not Busy,1,Not Pedestrian Friendly
6463584755,6463584757,689055781,Unnamed Road,footway,1.0,53.035714285714285,False,False,113.53703206694992,no,Other,Other,no,no marking,no,no,no,42.9516589,-79.857848,3,sidewalk,1,Not Busy,1,Not Pedestrian Friendly
6463584757,416702244,67222638,Munsee Street North,secondary,2.0,50.0,False,False,9.292623505152172,no,Other,Other,no,no marking,asphalt,yes,right,42.951977,-79.8565224,3,sidewalk,0,Not Busy,4,Pedestrian Friendly
6463584757,6463584760,67222638,Munsee Street North,secondary,2.0,50.0,False,True,83.97554985962428,no,Other,Other,no,no marking,asphalt,yes,right,42.951977,-79.8565224,3,sidewalk,0,Not Busy,4,Pedestrian Friendly
6463584757,6463584755,689055781,Munsee Street North,footway,1.0,53.035714285714285,False,True,113.53703206694992,no,Other,Other,no,no marking,no,no,no,42.951977,-79.8565224,3,sidewalk,1,Not Busy,1,Not Pedestrian Friendly
6463584758,6463584750,689055778,Unnamed Road,footway,1.0,53.035714285714285,False,True,8.392831152,no,Other,Other,no,no marking,no,no,no,42.9509473,-79.8575114,3,sidewalk,1,Not Busy,1,Not Pedestrian Friendly
6463584758,6463584755,689055778,Unnamed Road,footway,1.0,53.035714285714285,False,False,83.73478352520154,no,Other,Other,no,no marking,no,no,no,42.9509473,-79.8575114,3,sidewalk,1,Not Busy,1,Not Pedestrian Friendly
6463584758,6463584760,689055782,Unnamed Road,footway,1.0,53.035714285714285,False,False,111.87947811155448,no,Other,Other,no,no marking,no,no,no,42.9509473,-79.8575114,3,sidewalk,1,Not Busy,1,Not Pedestrian Friendly
6463584760,6463584757,67222638,Munsee Street North,secondary,2.0,50.0,False,False,83.97554985962428,no,Other,Other,no,no marking,asphalt,yes,right,42.9512586,-79.8562042,3,sidewalk,0,Not Busy,4,Pedestrian Friendly
6463584760,416694987,67222638,Munsee Street North,secondary,2.0,50.0,False,True,6.114354516914986,no,Other,Other,no,no marking,asphalt,yes,right,42.9512586,-79.8562042,3,sidewalk,0,Not Busy,4,Pedestrian Friendly
6463584760,6463584758,689055782,Munsee Street North,footway,1.0,53.035714285714285,False,True,111.87947811155448,no,Other,Other,no,no marking,no,no,no,42.9512586,-79.8562042,3,sidewalk,1,Not Busy,1,Not Pedestrian Friendly
6463584761,6463584750,689055778,Unnamed Road,footway,1.0,53.035714285714285,False,False,6.614372735360078,no,Other,Other,no,no marking,no,no,no,42.9508189,-79.8574546,3,sidewalk,1,Not Busy,1,Not Pedestrian Friendly
6463584761,6463584746,689055778,Unnamed Road,footway,1.0,53.035714285714285,False,True,87.32269273900523,no,Other,Other,no,no marking,no,no,no,42.9508189,-79.8574546,3,sidewalk,1,Not Busy,1,Not Pedestrian Friendly
6463584761,6463584763,689055783,Unnamed Road,footway,1.0,53.035714285714285,False,False,112.00655705159718,no,Other,Other,no,no marking,no,no,no,42.9508189,-79.8574546,3,sidewalk,1,Not Busy,1,Not Pedestrian Friendly
6463584763,416694987,67222638,Munsee Street North,secondary,2.0,50.0,False,False,9.588805044425742,no,Other,Other,no,no marking,asphalt,yes,right,42.9511246,-79.8561433,3,sidewalk,0,Not Busy,4,Pedestrian Friendly
6463584763,7158861348,67222638,Munsee Street North,secondary,2.0,50.0,False,True,52.82657764080116,no,Other,Other,no,no marking,asphalt,yes,right,42.9511246,-79.8561433,3,sidewalk,0,Not Busy,4,Pedestrian Friendly
6463584763,6463584761,689055783,Munsee Street North,footway,1.0,53.035714285714285,False,True,112.00655705159718,no,Other,Other,no,no marking,no,no,no,42.9511246,-79.8561433,3,sidewalk,1,Not Busy,1,Not Pedestrian Friendly
6463584764,6463584766,689055784,Unnamed Road,footway,1.0,53.035714285714285,False,False,5.162805194160005,no,Other,Other,marked,lines,no,no,no,42.9512777,-79.856089,1,sidewalk,1,Not Busy,2,Not Pedestrian Friendly
6463584766,416694987,67226665,Kerr Street East,residential,2.0,20.0,False,False,9.44680865761238,no,Other,Other,no,no marking,asphalt,no,no,42.9512332,-79.8560709,4,crossing,0,Not Busy,2,Not Pedestrian Friendly
6463584766,6463584764,689055784,Kerr Street East,footway,1.0,20.0,False,True,5.162805194160005,no,Other,Other,marked,lines,no,no,no,42.9512332,-79.8560709,4,crossing,0,Not Busy,2,Not Pedestrian Friendly
6463584766,811755817,67226665,Kerr Street East,residential,2.0,20.0,False,True,112.05771272917409,no,Other,Other,no,no marking,asphalt,no,no,42.9512332,-79.8560709,4,crossing,0,Not Busy,2,Not Pedestrian Friendly
6463584766,6463584734,689055784,Kerr Street East,footway,1.0,20.0,False,False,93.24257215163946,no,Other,Other,marked,lines,no,no,no,42.9512332,-79.8560709,4,crossing,0,Not Busy,2,Not Pedestrian Friendly
6463584766,6463584734,689055785,Kerr Street East,footway,1.0,20.0,False,False,93.24257215163946,no,Other,Other,no,no marking,no,no,no,42.9512332,-79.8560709,4,crossing,0,Not Busy,1,Not Pedestrian Friendly
6463584777,6463584778,689055786,Unnamed Road,footway,1.0,53.035714285714285,False,True,10.13315885051912,no,Other,Other,marked,lines,no,no,no,42.9507763,-79.8542867,3,sidewalk,1,Not Busy,2,Not Pedestrian Friendly
6463584777,7158861325,689055787,Unnamed Road,footway,1.0,53.035714285714285,False,False,60.58256767518097,no,Other,Other,no,no marking,no,no,no,42.9507763,-79.8542867,3,sidewalk,1,Not Busy,1,Not Pedestrian Friendly
6463584777,7158840218,689056888,Unnamed Road,footway,1.0,53.035714285714285,False,False,35.69858487461542,no,Other,Other,no,no marking,no,no,no,42.9507763,-79.8542867,3,sidewalk,1,Not Busy,1,Not Pedestrian Friendly
6463584778,811762852,67224605,Winnett Street North,residential,2.0,20.0,False,True,9.115339075882986,no,Other,Other,no,no marking,asphalt,no,no,42.9507488,-79.8544054,4,crossing,0,Not Busy,2,Not Pedestrian Friendly
6463584778,6463584777,689055786,Winnett Street North,footway,1.0,20.0,False,False,10.13315885051912,no,Other,Other,marked,lines,no,no,no,42.9507488,-79.8544054,4,crossing,0,Not Busy,2,Not Pedestrian Friendly
6463584778,7158861335,67224605,Winnett Street North,residential,2.0,20.0,False,False,32.94901234348017,no,Other,Other,no,no marking,asphalt,no,no,42.9507488,-79.8544054,4,crossing,0,Not Busy,2,Not Pedestrian Friendly
6463584778,6463584734,689055785,Winnett Street North,footway,1.0,20.0,False,True,112.15730934940566,no,Other,Other,no,no marking,no,no,no,42.9507488,-79.8544054,4,crossing,0,Not Busy,1,Not Pedestrian Friendly
6463584778,6463584734,689055786,Winnett Street North,footway,1.0,20.0,False,True,112.15730934940566,no,Other,Other,marked,lines,no,no,no,42.9507488,-79.8544054,4,crossing,0,Not Busy,2,Not Pedestrian Friendly
6463601997,811772584,67226853,McKay Street East,residential,2.0,20.0,False,True,7.173871969575182,no,Other,Other,no,no marking,asphalt,no,no,42.9494984,-79.8553079,4,crossing,0,Not Busy,2,Not Pedestrian Friendly
6463601997,811764267,67226853,McKay Street East,residential,2.0,20.0,False,False,113.4947353313222,no,Other,Other,no,no marking,asphalt,no,no,42.9494984,-79.8553079,4,crossing,0,Not Busy,2,Not Pedestrian Friendly
6463601997,6463602000,689056869,McKay Street East,footway,1.0,20.0,False,False,101.6871262538802,no,Other,Other,marked,lines,no,no,no,42.9494984,-79.8553079,4,crossing,0,Not Busy,2,Not Pedestrian Friendly
6463601997,6463602000,689056870,McKay Street East,footway,1.0,20.0,False,False,101.6871262538802,no,Other,Other,no,no marking,no,no,no,42.9494984,-79.8553079,4,crossing,0,Not Busy,1,Not Pedestrian Friendly
6463601997,6463602000,689056871,McKay Street East,footway,1.0,20.0,False,False,101.6871262538802,no,Other,Other,marked,lines,no,no,no,42.9494984,-79.8553079,4,crossing,0,Not Busy,2,Not Pedestrian Friendly
6463601997,7158861337,689056868,McKay Street East,footway,1.0,20.0,False,True,74.26936953893822,no,Other,Other,no,no marking,no,no,no,42.9494984,-79.8553079,4,crossing,0,Not Busy,1,Not Pedestrian Friendly
6463601997,7158861337,689056869,McKay Street East,footway,1.0,20.0,False,True,74.26936953893822,no,Other,Other,marked,lines,no,no,no,42.9494984,-79.8553079,4,crossing,0,Not Busy,2,Not Pedestrian Friendly
6463602000,811771233,67223957,Brant Street East,residential,2.0,20.0,False,True,8.882000579511734,no,Other,Other,no,no marking,asphalt,no,no,42.9486352,-79.8548997,4,crossing,0,Not Busy,2,Not Pedestrian Friendly
6463602000,811759107,67223957,Brant Street East,residential,2.0,20.0,False,False,113.57364951780052,no,Other,Other,no,no marking,asphalt,no,no,42.9486352,-79.8548997,4,crossing,0,Not Busy,2,Not Pedestrian Friendly
6463602000,6463602004,689056872,Brant Street East,footway,1.0,20.0,False,False,207.00196764416356,no,Other,Other,no,no marking,no,no,no,42.9486352,-79.8548997,4,crossing,0,Not Busy,1,Not Pedestrian Friendly
6463602000,6463602004,689056873,Brant Street East,footway,1.0,20.0,False,False,207.00196764416356,no,Other,Other,no,no marking,no,no,no,42.9486352,-79.8548997,4,crossing,0,Not Busy,1,Not Pedestrian Friendly
6463602000,6463602004,689056871,Brant Street East,footway,1.0,20.0,False,False,207.00196764416356,no,Other,Other,marked,lines,no,no,no,42.9486352,-79.8548997,4,crossing,0,Not Busy,2,Not Pedestrian Friendly
6463602000,6463601997,689056869,Brant Street East,footway,1.0,20.0,False,True,101.6871262538802,no,Other,Other,marked,lines,no,no,no,42.9486352,-79.8548997,4,crossing,0,Not Busy,2,Not Pedestrian Friendly
6463602000,6463601997,689056870,Brant Street East,footway,1.0,20.0,False,True,101.6871262538802,no,Other,Other,no,no marking,no,no,no,42.9486352,-79.8548997,4,crossing,0,Not Busy,1,Not Pedestrian Friendly
6463602000,6463601997,689056871,Brant Street East,footway,1.0,20.0,False,True,101.6871262538802,no,Other,Other,marked,lines,no,no,no,42.9486352,-79.8548997,4,crossing,0,Not Busy,2,Not Pedestrian Friendly
6463602004,811761176,67223246,Chippawa Street East,residential,2.0,20.0,False,True,7.928844816,no,Other,Other,no,no marking,asphalt,no,no,42.9468687,-79.8540979,4,crossing,0,Not Busy,2,Not Pedestrian Friendly
6463602004,811779502,67223246,Chippawa Street East,residential,2.0,20.0,False,False,232.189386470198,no,Other,Other,no,no marking,asphalt,no,no,42.9468687,-79.8540979,4,crossing,0,Not Busy,2,Not Pedestrian Friendly
6463602004,7158861222,689056873,Chippawa Street East,footway,1.0,20.0,False,False,225.7985674857822,no,Other,Other,no,no marking,no,no,no,42.9468687,-79.8540979,4,crossing,0,Not Busy,1,Not Pedestrian Friendly
6463602004,7158861222,689056874,Chippawa Street East,footway,1.0,20.0,False,False,225.7985674857822,no,Other,Other,no,no marking,no,no,no,42.9468687,-79.8540979,4,crossing,0,Not Busy,1,Not Pedestrian Friendly
6463602004,6463602000,689056872,Chippawa Street East,footway,1.0,20.0,False,True,207.0019676441636,no,Other,Other,no,no marking,no,no,no,42.9468687,-79.8540979,4,crossing,0,Not Busy,1,Not Pedestrian Friendly
6463602004,6463602000,689056873,Chippawa Street East,footway,1.0,20.0,False,True,207.0019676441636,no,Other,Other,no,no marking,no,no,no,42.9468687,-79.8540979,4,crossing,0,Not Busy,1,Not Pedestrian Friendly
6463602004,6463602000,689056871,Chippawa Street East,footway,1.0,20.0,False,True,207.0019676441636,no,Other,Other,marked,lines,no,no,no,42.9468687,-79.8540979,4,crossing,0,Not Busy,2,Not Pedestrian Friendly
6463602008,7158861234,689056874,Unnamed Road,footway,1.0,53.035714285714285,False,True,34.975742199858274,no,Other,Other,no,no marking,no,no,no,42.9435418,-79.8525724,3,sidewalk,1,Not Busy,1,Not Pedestrian Friendly
6463602008,11339644330,689056875,Unnamed Road,footway,1.0,53.035714285714285,False,False,47.46116771819247,no,Other,Other,no,no marking,no,no,no,42.9435418,-79.8525724,3,sidewalk,1,Not Busy,1,Not Pedestrian Friendly
6463602008,811772004,689056874,Unnamed Road,footway,1.0,53.035714285714285,False,False,12.560823128724689,no,Other,Other,no,no marking,no,no,no,42.9435418,-79.8525724,3,sidewalk,1,Not Busy,1,Not Pedestrian Friendly
6463602013,2516245716,67222714,Thorburn Street South,secondary,2.0,20.0,False,False,131.84769069723535,no,Other,Other,no,no marking,asphalt,no,no,42.9442032,-79.8498699,4,crossing,0,Not Busy,2,Not Pedestrian Friendly
6463602013,811756186,67222714,Thorburn Street South,secondary,2.0,20.0,False,True,7.774131297,no,Other,Other,no,no marking,asphalt,no,no,42.9442032,-79.8498699,4,crossing,0,Not Busy,2,Not Pedestrian Friendly
6463602013,6463602020,689056876,Thorburn Street South,footway,1.0,20.0,False,False,133.47277660529664,no,Other,Other,marked,lines,no,no,no,42.9442032,-79.8498699,4,crossing,0,Not Busy,2,Not Pedestrian Friendly
6463602013,6463602020,689056877,Thorburn Street South,footway,1.0,20.0,False,False,133.47277660529664,no,Other,Other,no,no marking,no,no,no,42.9442032,-79.8498699,4,crossing,0,Not Busy,1,Not Pedestrian Friendly
6463602013,11339644330,689056875,Thorburn Street South,footway,1.0,20.0,False,True,184.55212424023173,no,Other,Other,no,no marking,no,no,no,42.9442032,-79.8498699,4,crossing,0,Not Busy,1,Not Pedestrian Friendly
6463602013,11339644330,689056876,Thorburn Street South,footway,1.0,20.0,False,True,184.55212424023173,no,Other,Other,marked,lines,no,no,no,42.9442032,-79.8498699,4,crossing,0,Not Busy,2,Not Pedestrian Friendly
6463602019,2516245716,244291653,Hudson Drive,residential,2.0,20.0,False,False,8.425527866446076,no,Other,Other,no,no marking,asphalt,no,no,42.9453539,-79.8502783,4,crossing,0,Not Busy,2,Not Pedestrian Friendly
6463602019,2516245719,244291653,Hudson Drive,residential,2.0,20.0,False,True,58.168869158363485,no,Other,Other,no,no marking,asphalt,no,no,42.9453539,-79.8502783,4,crossing,0,Not Busy,2,Not Pedestrian Friendly
6463602019,7158840219,689056877,Hudson Drive,footway,1.0,20.0,False,False,62.66621452540278,no,Other,Other,no,no marking,no,no,no,42.9453539,-79.8502783,4,crossing,0,Not Busy,1,Not Pedestrian Friendly
6463602019,6463602020,689056877,Hudson Drive,footway,1.0,20.0,False,True,7.369232962159027,no,Other,Other,no,no marking,no,no,no,42.9453539,-79.8502783,4,crossing,0,Not Busy,1,Not Pedestrian Friendly
6463602020,6463602023,689056878,Unnamed Road,footway,1.0,53.035714285714285,False,False,58.19561972770271,no,Other,Other,no,no marking,no,no,no,42.9452909,-79.8502502,3,sidewalk,1,Not Busy,1,Not Pedestrian Friendly
6463602020,6463602019,689056877,Unnamed Road,footway,1.0,53.035714285714285,False,False,7.369232962159027,no,Other,Other,no,no marking,no,no,no,42.9452909,-79.8502502,3,sidewalk,1,Not Busy,1,Not Pedestrian Friendly
6463602020,6463602013,689056876,Unnamed Road,footway,1.0,53.035714285714285,False,True,133.47277660529664,no,Other,Other,marked,lines,no,no,no,42.9452909,-79.8502502,3,sidewalk,1,Not Busy,2,Not Pedestrian Friendly
6463602020,6463602013,689056877,Unnamed Road,footway,1.0,53.035714285714285,False,True,133.47277660529664,no,Other,Other,no,no marking,no,no,no,42.9452909,-79.8502502,3,sidewalk,1,Not Busy,1,Not Pedestrian Friendly
6463602022,6463602024,689056878,Unnamed Road,footway,1.0,53.035714285714285,False,True,35.65639150115848,no,Other,Other,no,no marking,no,no,no,42.9455881,-79.8490798,1,sidewalk,1,Not Busy,1,Not Pedestrian Friendly
6463602023,811776126,244291655,Powell Lane,residential,2.0,20.0,False,False,133.6738996208589,no,Other,Other,no,no marking,asphalt,no,no,42.9454592,-79.8495732,4,crossing,0,Not Busy,2,Not Pedestrian Friendly
6463602023,2516245719,244291655,Powell Lane,residential,2.0,20.0,False,True,7.3662750789672655,no,Other,Other,no,no marking,asphalt,no,no,42.9454592,-79.8495732,4,crossing,0,Not Busy,2,Not Pedestrian Friendly
6463602023,6463602024,689056878,Powell Lane,footway,1.0,20.0,False,False,6.988232208467305,no,Other,Other,no,no marking,no,no,no,42.9454592,-79.8495732,4,crossing,0,Not Busy,1,Not Pedestrian Friendly
6463602023,6463602020,689056878,Powell Lane,footway,1.0,20.0,False,True,58.19561972770271,no,Other,Other,no,no marking,no,no,no,42.9454592,-79.8495732,4,crossing,0,Not Busy,1,Not Pedestrian Friendly
6463602024,6463602023,689056878,Unnamed Road,footway,1.0,53.035714285714285,False,True,6.988232208467305,no,Other,Other,no,no marking,no,no,no,42.9454794,-79.8494919,3,sidewalk,1,Not Busy,1,Not Pedestrian Friendly
6463602024,6463602022,689056878,Unnamed Road,footway,1.0,53.035714285714285,False,False,35.65639150115848,no,Other,Other,no,no marking,no,no,no,42.9454794,-79.8494919,3,sidewalk,1,Not Busy,1,Not Pedestrian Friendly
6463602024,6463602032,689056879,Unnamed Road,footway,1.0,53.035714285714285,False,False,195.3236160955504,no,Other,Other,no,no marking,no,no,no,42.9454794,-79.8494919,3,sidewalk,1,Not Busy,1,Not Pedestrian Friendly
6463602031,811754260,67222702,Commodore Road,residential,2.0,53.035714285714285,False,False,64.43908642975634,no,Other,Other,no,no marking,asphalt,no,no,42.9444158,-79.846045,3,sidewalk,1,Not Busy,2,Not Pedestrian Friendly
6463602031,811777026,67222702,Commodore Road,residential,2.0,53.035714285714285,False,True,44.6267237,no,Other,Other,no,no marking,asphalt,no,no,42.9444158,-79.846045,3,sidewalk,1,Not Busy,2,Not Pedestrian Friendly
6463602031,6463602033,689056879,Commodore Road,footway,1.0,53.035714285714285,False,True,156.6710032822064,no,Other,Other,no,no marking,no,no,no,42.9444158,-79.846045,3,sidewalk,1,Not Busy,1,Not Pedestrian Friendly
6463602032,811765995,67222702,Commodore Road,residential,2.0,20.0,False,False,7.511615828,no,Other,Other,no,no marking,asphalt,no,no,42.9438058,-79.8487905,4,crossing,0,Not Busy,2,Not Pedestrian Friendly
6463602032,811766857,67222702,Commodore Road,residential,2.0,20.0,False,True,76.75357462,no,Other,Other,no,no marking,asphalt,no,no,42.9438058,-79.8487905,4,crossing,0,Not Busy,2,Not Pedestrian Friendly
6463602032,6463602033,689056879,Commodore Road,footway,1.0,20.0,False,False,84.03877224924015,no,Other,Other,no,no marking,no,no,no,42.9438058,-79.8487905,4,crossing,0,Not Busy,1,Not Pedestrian Friendly
6463602032,6463602024,689056879,Commodore Road,footway,1.0,20.0,False,True,195.32361609555036,no,Other,Other,no,no marking,no,no,no,42.9438058,-79.8487905,4,crossing,0,Not Busy,1,Not Pedestrian Friendly
6463602033,811766857,67223984,Country Club Road,residential,2.0,20.0,False,True,6.400476682342042,no,Other,Other,no,no marking,asphalt,no,no,42.9439637,-79.847868,4,crossing,0,Not Busy,2,Not Pedestrian Friendly
6463602033,811777026,67223984,Country Club Road,residential,2.0,20.0,False,False,296.83514564558544,no,Other,Other,no,no marking,asphalt,no,no,42.9439637,-79.847868,4,crossing,0,Not Busy,2,Not Pedestrian Friendly
6463602033,6463602031,689056879,Country Club Road,footway,1.0,20.0,False,False,156.6710032822064,no,Other,Other,no,no marking,no,no,no,42.9439637,-79.847868,4,crossing,0,Not Busy,1,Not Pedestrian Friendly
6463602033,6463602032,689056879,Country Club Road,footway,1.0,20.0,False,True,84.03877224924015,no,Other,Other,no,no marking,no,no,no,42.9439637,-79.847868,4,crossing,0,Not Busy,1,Not Pedestrian Friendly
6463602042,811759107,67224357,"['Winniet Street South', 'Robert Dell Court']",residential,2.0,53.035714285714285,False,False,63.81726775493568,no,Other,Other,no,no marking,asphalt,no,no,42.9484562,-79.8532806,4,sidewalk,1,Not Busy,2,Not Pedestrian Friendly
6463602042,811759107,67225926,"['Winniet Street South', 'Robert Dell Court']",residential,2.0,53.035714285714285,False,False,63.81726775493568,no,Other,Other,no,no marking,asphalt,no,no,42.9484562,-79.8532806,4,sidewalk,1,Not Busy,2,Not Pedestrian Friendly
6463602042,811776623,67225926,Robert Dell Court,residential,2.0,53.035714285714285,False,True,46.31327905013124,no,Other,Other,no,no marking,asphalt,no,no,42.9484562,-79.8532806,4,sidewalk,1,Not Busy,2,Not Pedestrian Friendly
6463602042,6463602043,689056880,"['Winniet Street South', 'Robert Dell Court']",footway,1.0,53.035714285714285,False,True,60.31597917352212,no,Other,Other,no,no marking,no,no,no,42.9484562,-79.8532806,4,sidewalk,1,Not Busy,1,Not Pedestrian Friendly
6463602042,6463602054,689056881,"['Winniet Street South', 'Robert Dell Court']",footway,1.0,53.035714285714285,False,False,93.66216396614892,no,Other,Other,no,no marking,no,no,no,42.9484562,-79.8532806,4,sidewalk,1,Not Busy,1,Not Pedestrian Friendly
6463602043,811771620,67223957,Brant Street East,residential,2.0,20.0,False,False,115.2032110495007,no,Other,Other,no,no marking,asphalt,no,no,42.9489714,-79.8535124,4,crossing,0,Not Busy,2,Not Pedestrian Friendly
6463602043,811759107,67223957,Brant Street East,residential,2.0,20.0,False,True,5.367393620965554,no,Other,Other,no,no marking,asphalt,no,no,42.9489714,-79.8535124,4,crossing,0,Not Busy,2,Not Pedestrian Friendly
6463602043,6463602042,689056880,Brant Street East,footway,1.0,20.0,False,False,60.31597917352212,no,Other,Other,no,no marking,no,no,no,42.9489714,-79.8535124,4,crossing,0,Not Busy,1,Not Pedestrian Friendly
6463602043,6463602044,689056880,Brant Street East,footway,1.0,20.0,False,True,101.93598488053802,no,Other,Other,no,no marking,no,no,no,42.9489714,-79.8535124,4,crossing,0,Not Busy,1,Not Pedestrian Friendly
6463602044,7158861255,628319193,Unnamed Road,service,1.0,20.0,False,False,41.80036660971724,no,Other,Other,no,no marking,no,no,no,42.949829,-79.8539095,4,crossing,0,Not Busy,1,Not Pedestrian Friendly
6463602044,811764267,628319193,Unnamed Road,service,1.0,20.0,False,True,6.118540379398647,no,Other,Other,no,no marking,no,no,no,42.949829,-79.8539095,4,crossing,0,Not Busy,1,Not Pedestrian Friendly
6463602044,811764739,689056880,Unnamed Road,footway,1.0,20.0,False,True,5.561421142426397,no,Other,Other,no,no marking,no,no,no,42.949829,-79.8539095,4,crossing,0,Not Busy,1,Not Pedestrian Friendly
6463602044,6463602043,689056880,Unnamed Road,footway,1.0,20.0,False,False,101.9359849,no,Other,Other,no,no marking,no,no,no,42.949829,-79.8539095,4,crossing,0,Not Busy,1,Not Pedestrian Friendly
6463602054,6463602042,689056881,Unnamed Road,footway,1.0,53.035714285714285,False,True,93.66216396614892,no,Other,Other,no,no marking,no,no,no,42.9483424,-79.8523017,1,sidewalk,1,Not Busy,1,Not Pedestrian Friendly
6463602055,6463602060,689056883,Unnamed Road,footway,1.0,53.035714285714285,False,False,23.032077447697613,no,Other,Other,no,no marking,no,no,no,42.9499095,-79.8525909,1,sidewalk,1,Not Busy,1,Not Pedestrian Friendly
6463602060,811778959,628319193,Unnamed Road,service,1.0,20.0,False,False,11.094093245315408,no,Other,Other,no,no marking,no,no,no,42.950106,-79.8526804,4,crossing,0,Not Busy,1,Not Pedestrian Friendly
6463602060,11339644307,689056883,Unnamed Road,footway,1.0,20.0,False,False,86.89041826211708,no,Other,Other,no,no marking,no,no,no,42.950106,-79.8526804,4,crossing,0,Not Busy,1,Not Pedestrian Friendly
6463602060,6463602055,689056883,Unnamed Road,footway,1.0,20.0,False,True,23.032077447697613,no,Other,Other,no,no marking,no,no,no,42.950106,-79.8526804,4,crossing,0,Not Busy,1,Not Pedestrian Friendly
6463602060,7158861258,628319193,Unnamed Road,service,1.0,20.0,False,True,41.28614395,no,Other,Other,no,no marking,no,no,no,42.950106,-79.8526804,4,crossing,0,Not Busy,1,Not Pedestrian Friendly
6463602062,811762852,67222677,Winnett Street South,residential,2.0,20.0,False,False,7.474943231604707,no,Other,Other,no,no marking,asphalt,no,no,42.9506071,-79.8543416,4,crossing,0,Not Busy,2,Not Pedestrian Friendly
6463602062,811764267,67222677,Winnett Street South,residential,2.0,20.0,False,True,93.33146598,no,Other,Other,no,no marking,asphalt,no,no,42.9506071,-79.8543416,4,crossing,0,Not Busy,2,Not Pedestrian Friendly
6463602062,7158861338,689056884,Winnett Street South,footway,1.0,20.0,False,False,59.08522662415397,no,Other,Other,marked,lines,no,no,no,42.9506071,-79.8543416,4,crossing,0,Not Busy,2,Not Pedestrian Friendly
6463602062,7158861338,689056885,Winnett Street South,footway,1.0,20.0,False,False,59.08522662415397,no,Other,Other,no,no marking,no,no,no,42.9506071,-79.8543416,4,crossing,0,Not Busy,1,Not Pedestrian Friendly
6463602062,11339644326,689056883,Winnett Street South,footway,1.0,20.0,False,True,70.68820524,no,Other,Other,no,no marking,no,no,no,42.9506071,-79.8543416,4,crossing,0,Not Busy,1,Not Pedestrian Friendly
6463602062,11339644326,689056884,Winnett Street South,footway,1.0,20.0,False,True,70.68820524,no,Other,Other,marked,lines,no,no,no,42.9506071,-79.8543416,4,crossing,0,Not Busy,2,Not Pedestrian Friendly
6463602063,2991290951,689056886,Unnamed Road,footway,1.0,53.035714285714285,False,False,11.648901664135035,no,Other,Other,marked,lines,no,no,no,42.9509057,-79.853065,3,sidewalk,1,Not Busy,2,Not Pedestrian Friendly
6463602063,11339644311,689056883,Unnamed Road,footway,1.0,53.035714285714285,False,False,27.37669865326143,no,Other,Other,no,no marking,no,no,no,42.9509057,-79.853065,3,sidewalk,1,Not Busy,1,Not Pedestrian Friendly
6463602063,11339644307,689056883,Unnamed Road,footway,1.0,53.035714285714285,False,True,7.8686451037332175,no,Other,Other,no,no marking,no,no,no,42.9509057,-79.853065,3,sidewalk,1,Not Busy,1,Not Pedestrian Friendly
6463602065,2991290951,689056886,Unnamed Road,footway,1.0,53.035714285714285,False,True,94.21880070334193,no,Other,Other,marked,lines,no,no,no,42.9512336,-79.8518443,1,sidewalk,1,Not Busy,2,Not Pedestrian Friendly
6463602065,2991290951,689056887,Unnamed Road,footway,1.0,53.035714285714285,False,True,94.21880070334193,no,Other,Other,no,no marking,no,no,no,42.9512336,-79.8518443,1,sidewalk,1,Not Busy,1,Not Pedestrian Friendly
7158840218,7158861324,766496820,Unnamed Road,service,1.0,53.035714285714285,False,False,13.430717055635457,no,parking_aisle,Other,no,no marking,asphalt,no,no,42.9510413,-79.8544823,4,sidewalk,1,Not Busy,2,Not Pedestrian Friendly
7158840218,7158861335,766496820,Unnamed Road,service,1.0,53.035714285714285,False,True,4.175897139245556,no,parking_aisle,Other,no,no marking,asphalt,no,no,42.9510413,-79.8544823,4,sidewalk,1,Not Busy,2,Not Pedestrian Friendly
7158840218,7158840221,689056888,Unnamed Road,footway,1.0,53.035714285714285,False,False,61.214458664874456,no,Other,Other,no,no marking,no,no,no,42.9510413,-79.8544823,4,sidewalk,1,Not Busy,1,Not Pedestrian Friendly
7158840218,6463584777,689056888,Unnamed Road,footway,1.0,53.035714285714285,False,True,35.69858487461542,no,Other,Other,no,no marking,no,no,no,42.9510413,-79.8544823,4,sidewalk,1,Not Busy,1,Not Pedestrian Friendly
7158840219,811754844,67223564,Princess Street East,residential,2.0,53.035714285714285,False,True,7.702973001460058,no,Other,Other,no,no marking,unpaved,no,no,42.9458869,-79.8505273,3,sidewalk,1,Not Busy,1,Not Pedestrian Friendly
7158840219,811779772,244292001,"['Monture Street South', 'Princess Street East']","['track', 'residential']",2.0,53.035714285714285,False,False,1189.083383691806,no,Other,Other,no,no marking,unpaved,no,no,42.9458869,-79.8505273,3,sidewalk,2,Not Busy,1,Not Pedestrian Friendly
7158840219,811779772,244292002,"['Monture Street South', 'Princess Street East']","['track', 'residential']",2.0,53.035714285714285,False,False,1189.083383691806,no,Other,Other,no,no marking,unpaved,no,no,42.9458869,-79.8505273,3,sidewalk,2,Not Busy,1,Not Pedestrian Friendly
7158840219,811779772,67223564,"['Monture Street South', 'Princess Street East']","['track', 'residential']",2.0,53.035714285714285,False,False,1189.083383691806,no,Other,Other,no,no marking,unpaved,no,no,42.9458869,-79.8505273,3,sidewalk,2,Not Busy,1,Not Pedestrian Friendly
7158840219,6463602019,689056877,Princess Street East,footway,1.0,53.035714285714285,False,True,62.66621452540278,no,Other,Other,no,no marking,no,no,no,42.9458869,-79.8505273,3,sidewalk,1,Not Busy,1,Not Pedestrian Friendly
7158840220,811765499,67223622,Thorburn Street North,residential,2.0,20.0,False,True,8.181721237584748,no,Other,Other,no,no marking,asphalt,no,no,42.9510995,-79.8530059,3,crossing,0,Not Busy,2,Not Pedestrian Friendly
7158840220,7158861315,67223622,Thorburn Street North,residential,2.0,20.0,False,False,25.72373681652801,no,Other,Other,no,no marking,asphalt,no,no,42.9510995,-79.8530059,3,crossing,0,Not Busy,2,Not Pedestrian Friendly
7158840220,7158861325,689055787,Thorburn Street North,footway,1.0,20.0,False,True,49.6849934,no,Other,Other,no,no marking,no,no,no,42.9510995,-79.8530059,3,crossing,0,Not Busy,1,Not Pedestrian Friendly
7158840221,811755817,67226665,Kerr Street East,residential,2.0,53.035714285714285,False,False,4.991161479786151,no,Other,Other,no,no marking,asphalt,no,no,42.951566,-79.8547065,3,sidewalk,1,Not Busy,2,Not Pedestrian Friendly
7158840221,7158861319,67226665,"['Kerr Street East', 'Thorburn Street North']",residential,2.0,53.035714285714285,False,True,137.66534600743847,no,Other,Other,no,no marking,asphalt,no,no,42.951566,-79.8547065,3,sidewalk,1,Not Busy,2,Not Pedestrian Friendly
7158840221,7158861319,67223622,"['Kerr Street East', 'Thorburn Street North']",residential,2.0,53.035714285714285,False,True,137.66534600743847,no,Other,Other,no,no marking,asphalt,no,no,42.951566,-79.8547065,3,sidewalk,1,Not Busy,2,Not Pedestrian Friendly
7158840221,7158840218,689056888,Kerr Street East,footway,1.0,53.035714285714285,False,True,61.21445866487446,no,Other,Other,no,no marking,no,no,no,42.951566,-79.8547065,3,sidewalk,1,Not Busy,1,Not Pedestrian Friendly
7158861221,811761176,67223482,Munsee Street South,residential,2.0,50.0,False,False,225.24514422250812,no,Other,Other,no,no marking,asphalt,no,no,42.9449253,-79.8533105,3,sidewalk,0,Not Busy,2,Not Pedestrian Friendly
7158861221,7158861232,67223482,Munsee Street South,residential,2.0,50.0,False,True,42.36000121460052,no,Other,Other,no,no marking,asphalt,no,no,42.9449253,-79.8533105,3,sidewalk,0,Not Busy,2,Not Pedestrian Friendly
7158861221,7158861222,766496803,Munsee Street South,service,1.0,53.035714285714285,False,True,8.209638937,no,parking_aisle,Other,no,no marking,asphalt,no,no,42.9449253,-79.8533105,3,sidewalk,1,Not Busy,2,Not Pedestrian Friendly
7158861222,7158861221,766496803,Unnamed Road,service,1.0,53.035714285714285,False,False,8.209638937,no,parking_aisle,Other,no,no marking,asphalt,no,no,42.9449442,-79.853213,4,sidewalk,1,Not Busy,2,Not Pedestrian Friendly
7158861222,7158861231,689056874,Unnamed Road,footway,1.0,53.035714285714285,False,False,41.983868395645295,no,Other,Other,no,no marking,no,no,no,42.9449442,-79.853213,4,sidewalk,1,Not Busy,1,Not Pedestrian Friendly
7158861222,7158861231,766496803,Unnamed Road,service,1.0,53.035714285714285,False,True,66.46015088515503,no,parking_aisle,Other,no,no marking,asphalt,no,no,42.9449442,-79.853213,4,sidewalk,1,Not Busy,2,Not Pedestrian Friendly
7158861222,6463602004,689056873,Unnamed Road,footway,1.0,53.035714285714285,False,True,225.79856748578223,no,Other,Other,no,no marking,no,no,no,42.9449442,-79.853213,4,sidewalk,1,Not Busy,1,Not Pedestrian Friendly
7158861222,6463602004,689056874,Unnamed Road,footway,1.0,53.035714285714285,False,True,225.79856748578223,no,Other,Other,no,no marking,no,no,no,42.9449442,-79.853213,4,sidewalk,1,Not Busy,1,Not Pedestrian Friendly
7158861231,7158861232,766496803,Unnamed Road,service,1.0,53.035714285714285,False,True,8.191343085483672,no,parking_aisle,Other,no,no marking,asphalt,no,no,42.9445862,-79.8530491,4,sidewalk,1,Not Busy,2,Not Pedestrian Friendly
7158861231,7158861234,689056874,Unnamed Road,footway,1.0,53.035714285714285,False,False,87.46716627654988,no,Other,Other,no,no marking,no,no,no,42.9445862,-79.8530491,4,sidewalk,1,Not Busy,1,Not Pedestrian Friendly
7158861231,7158861222,689056874,Unnamed Road,footway,1.0,53.035714285714285,False,True,41.983868395645295,no,Other,Other,no,no marking,no,no,no,42.9445862,-79.8530491,4,sidewalk,1,Not Busy,1,Not Pedestrian Friendly
7158861231,7158861222,766496803,Unnamed Road,service,1.0,53.035714285714285,False,False,66.46015088515503,no,parking_aisle,Other,no,no marking,asphalt,no,no,42.9445862,-79.8530491,4,sidewalk,1,Not Busy,2,Not Pedestrian Friendly
7158861232,7158861221,67223482,Munsee Street South,residential,2.0,50.0,False,False,42.36000121460052,no,Other,Other,no,no marking,asphalt,no,no,42.9445641,-79.8531451,3,sidewalk,0,Not Busy,2,Not Pedestrian Friendly
7158861232,7158861233,67223482,Munsee Street South,residential,2.0,50.0,False,True,87.57434869,no,Other,Other,no,no marking,asphalt,no,no,42.9445641,-79.8531451,3,sidewalk,0,Not Busy,2,Not Pedestrian Friendly
7158861232,7158861231,766496803,Munsee Street South,service,1.0,53.035714285714285,False,False,8.191343085483672,no,parking_aisle,Other,no,no marking,asphalt,no,no,42.9445641,-79.8531451,3,sidewalk,1,Not Busy,2,Not Pedestrian Friendly
7158861233,7158861232,67223482,Munsee Street South,residential,2.0,50.0,False,False,87.57434869,no,Other,Other,no,no marking,asphalt,no,no,42.9438174,-79.852803,3,sidewalk,0,Not Busy,2,Not Pedestrian Friendly
7158861233,7158861234,766496804,Munsee Street South,service,1.0,53.035714285714285,False,False,8.080130980181853,no,parking_aisle,Other,no,no marking,asphalt,no,no,42.9438174,-79.852803,3,sidewalk,1,Not Busy,2,Not Pedestrian Friendly
7158861233,811772004,67223482,Munsee Street South,residential,2.0,50.0,False,True,43.64366650431919,no,Other,Other,no,no marking,asphalt,no,no,42.9438174,-79.852803,3,sidewalk,0,Not Busy,2,Not Pedestrian Friendly
7158861234,6463602008,689056874,Unnamed Road,footway,1.0,20.0,False,False,34.975742199858274,no,Other,Other,no,no marking,no,no,no,42.9438401,-79.8527087,4,crossing,0,Not Busy,1,Not Pedestrian Friendly
7158861234,7158861233,766496804,Unnamed Road,service,1.0,20.0,False,True,8.080130980181853,no,parking_aisle,Other,no,no marking,asphalt,no,no,42.9438401,-79.8527087,4,crossing,0,Not Busy,2,Not Pedestrian Friendly
7158861234,7158861231,689056874,Unnamed Road,footway,1.0,20.0,False,True,87.46716627654988,no,Other,Other,no,no marking,no,no,no,42.9438401,-79.8527087,4,crossing,0,Not Busy,1,Not Pedestrian Friendly
7158861234,11339644330,766496804,Unnamed Road,service,1.0,20.0,False,False,65.59308048491586,no,parking_aisle,Other,no,no marking,asphalt,no,no,42.9438401,-79.8527087,4,crossing,0,Not Busy,2,Not Pedestrian Friendly
7158861240,811752903,67223887,Joseph Street West,residential,2.0,53.035714285714285,False,False,66.69269303858049,no,Other,Other,no,no marking,asphalt,no,no,42.9436158,-79.8519827,3,sidewalk,1,Not Busy,2,Not Pedestrian Friendly
7158861240,811772004,67223887,Joseph Street West,residential,2.0,53.035714285714285,False,True,57.280705444322905,no,Other,Other,no,no marking,asphalt,no,no,42.9436158,-79.8519827,3,sidewalk,1,Not Busy,2,Not Pedestrian Friendly
7158861240,11339644330,766496804,Joseph Street West,service,1.0,53.035714285714285,False,True,7.418492095190987,no,parking_aisle,Other,no,no marking,asphalt,no,no,42.9436158,-79.8519827,3,sidewalk,1,Not Busy,2,Not Pedestrian Friendly
7158861255,7158861258,628319193,Unnamed Road,service,1.0,53.035714285714285,False,False,22.400503112487588,no,Other,Other,no,no marking,no,no,no,42.9499499,-79.8534232,3,sidewalk,1,Not Busy,1,Not Pedestrian Friendly
7158861255,7158861258,766496806,Unnamed Road,service,1.0,53.035714285714285,False,True,100.4814120242102,no,parking_aisle,Other,no,no marking,asphalt,no,no,42.9499499,-79.8534232,3,sidewalk,1,Not Busy,2,Not Pedestrian Friendly
7158861255,6463602044,628319193,Unnamed Road,service,1.0,53.035714285714285,False,True,41.80036660971724,no,Other,Other,no,no marking,no,no,no,42.9499499,-79.8534232,3,sidewalk,1,Not Busy,1,Not Pedestrian Friendly
7158861258,7158861255,628319193,Unnamed Road,service,1.0,53.035714285714285,False,True,22.400503112487588,no,Other,Other,no,no marking,no,no,no,42.9500147,-79.8531626,3,sidewalk,1,Not Busy,1,Not Pedestrian Friendly
7158861258,7158861255,766496806,Unnamed Road,service,1.0,53.035714285714285,False,False,100.4814120242102,no,parking_aisle,Other,no,no marking,asphalt,no,no,42.9500147,-79.8531626,3,sidewalk,1,Not Busy,2,Not Pedestrian Friendly
7158861258,6463602060,628319193,Unnamed Road,service,1.0,53.035714285714285,False,False,41.286143951792695,no,Other,Other,no,no marking,no,no,no,42.9500147,-79.8531626,3,sidewalk,1,Not Busy,1,Not Pedestrian Friendly
7158861274,11339644326,766496807,Unnamed Road,service,1.0,53.035714285714285,False,False,59.108547471706586,no,parking_aisle,Other,no,no marking,asphalt,no,no,42.9504252,-79.8536392,1,sidewalk,1,Not Busy,2,Not Pedestrian Friendly
7158861311,7158861313,766496814,Unnamed Road,service,1.0,53.035714285714285,False,True,67.86125471938557,no,alley,Other,no,no marking,asphalt,no,no,42.9501375,-79.8577067,1,sidewalk,1,Not Busy,2,Not Pedestrian Friendly
7158861313,7158861314,766496814,Unnamed Road,service,1.0,53.035714285714285,False,True,8.777865186247976,no,alley,Other,no,no marking,asphalt,no,no,42.9499492,-79.8584998,4,sidewalk,1,Not Busy,2,Not Pedestrian Friendly
7158861313,6463584744,689055776,Unnamed Road,footway,1.0,53.035714285714285,False,False,129.16292880565584,no,Other,Other,no,no marking,no,no,no,42.9499492,-79.8584998,4,sidewalk,1,Not Busy,1,Not Pedestrian Friendly
7158861313,6463584744,689055775,Unnamed Road,footway,1.0,53.035714285714285,False,False,129.16292880565584,no,Other,Other,no,no marking,no,no,no,42.9499492,-79.8584998,4,sidewalk,1,Not Busy,1,Not Pedestrian Friendly
7158861313,6463579969,689055775,Unnamed Road,footway,1.0,53.035714285714285,False,True,24.46031233,no,Other,Other,no,no marking,no,no,no,42.9499492,-79.8584998,4,sidewalk,1,Not Busy,1,Not Pedestrian Friendly
7158861313,7158861311,766496814,Unnamed Road,service,1.0,53.035714285714285,False,False,67.86125471938557,no,alley,Other,no,no marking,asphalt,no,no,42.9499492,-79.8584998,4,sidewalk,1,Not Busy,2,Not Pedestrian Friendly
7158861314,7158861313,766496814,Cayuga Street North,service,1.0,53.035714285714285,False,False,8.777865186247976,no,alley,Other,no,no marking,asphalt,no,no,42.9499377,-79.8586065,3,sidewalk,1,Not Busy,2,Not Pedestrian Friendly
7158861314,811780346,67224214,Cayuga Street North,residential,1.0,53.035714285714285,True,False,56.86141707964795,no,Other,Other,no,no marking,asphalt,no,both,42.9499377,-79.8586065,3,sidewalk,2,Not Busy,3,Not Pedestrian Friendly
7158861315,7158861332,67223622,Thorburn Street North,residential,2.0,53.035714285714285,False,False,3.209639532220116,no,Other,Other,no,no marking,asphalt,no,no,42.9513177,-79.8531109,3,sidewalk,1,Not Busy,2,Not Pedestrian Friendly
7158861315,7158861316,766496815,Thorburn Street North,service,1.0,53.035714285714285,False,True,29.03507238280849,no,parking_aisle,Other,no,no marking,asphalt,no,no,42.9513177,-79.8531109,3,sidewalk,1,Not Busy,2,Not Pedestrian Friendly
7158861315,7158840220,67223622,Thorburn Street North,residential,2.0,53.035714285714285,False,True,25.72373681652801,no,Other,Other,no,no marking,asphalt,no,no,42.9513177,-79.8531109,3,sidewalk,1,Not Busy,2,Not Pedestrian Friendly
7158861316,7158861315,766496815,Unnamed Road,service,1.0,53.035714285714285,False,False,29.03507238280849,no,parking_aisle,Other,no,no marking,asphalt,no,no,42.9514038,-79.8527741,1,sidewalk,1,Not Busy,2,Not Pedestrian Friendly
7158861319,7158861332,67223622,Thorburn Street North,residential,2.0,53.035714285714285,False,True,34.89457939087965,no,Other,Other,no,no marking,asphalt,no,no,42.9516409,-79.8532665,3,sidewalk,1,Not Busy,2,Not Pedestrian Friendly
7158861319,7158861320,766496816,Thorburn Street North,service,1.0,53.035714285714285,False,True,16.480601802799125,no,parking_aisle,Other,no,no marking,asphalt,no,no,42.9516409,-79.8532665,3,sidewalk,1,Not Busy,2,Not Pedestrian Friendly
7158861319,7158840221,67226665,"['Kerr Street East', 'Thorburn Street North']",residential,2.0,53.035714285714285,False,False,137.66534600743847,no,Other,Other,no,no marking,asphalt,no,no,42.9516409,-79.8532665,3,sidewalk,1,Not Busy,2,Not Pedestrian Friendly
7158861319,7158840221,67223622,"['Kerr Street East', 'Thorburn Street North']",residential,2.0,53.035714285714285,False,False,137.66534600743847,no,Other,Other,no,no marking,asphalt,no,no,42.9516409,-79.8532665,3,sidewalk,1,Not Busy,2,Not Pedestrian Friendly
7158861320,7158861319,766496816,Unnamed Road,service,1.0,53.035714285714285,False,False,16.480601802799125,no,parking_aisle,Other,no,no marking,asphalt,no,no,42.9515938,-79.8534585,3,sidewalk,1,Not Busy,2,Not Pedestrian Friendly
7158861320,7158861328,766496817,Unnamed Road,service,1.0,53.035714285714285,False,False,35.407555925212286,no,parking_aisle,Other,no,no marking,asphalt,no,no,42.9515938,-79.8534585,3,sidewalk,1,Not Busy,2,Not Pedestrian Friendly
7158861320,7158861324,766496817,Unnamed Road,service,1.0,53.035714285714285,False,True,140.55059221715453,no,parking_aisle,Other,no,no marking,asphalt,no,no,42.9515938,-79.8534585,3,sidewalk,1,Not Busy,2,Not Pedestrian Friendly
7158861324,7158861331,766496820,Unnamed Road,service,1.0,53.035714285714285,False,False,3.854118425110109,no,parking_aisle,Other,no,no marking,asphalt,no,no,42.9510764,-79.8543244,3,sidewalk,1,Not Busy,2,Not Pedestrian Friendly
7158861324,7158840218,766496820,Unnamed Road,service,1.0,53.035714285714285,False,True,13.430717055635457,no,parking_aisle,Other,no,no marking,asphalt,no,no,42.9510764,-79.8543244,3,sidewalk,1,Not Busy,2,Not Pedestrian Friendly
7158861324,7158861320,766496817,Unnamed Road,service,1.0,53.035714285714285,False,False,140.55059221715453,no,parking_aisle,Other,no,no marking,asphalt,no,no,42.9510764,-79.8543244,3,sidewalk,1,Not Busy,2,Not Pedestrian Friendly
7158861325,6463584777,689055787,Unnamed Road,footway,1.0,53.035714285714285,False,True,60.58256767518097,no,Other,Other,no,no marking,no,no,no,42.9509554,-79.8535837,4,sidewalk,1,Not Busy,1,Not Pedestrian Friendly
7158861325,7158861326,766496818,Unnamed Road,service,1.0,53.035714285714285,False,False,8.013627557129553,no,parking_aisle,Other,no,no marking,asphalt,no,no,42.9509554,-79.8535837,4,sidewalk,1,Not Busy,2,Not Pedestrian Friendly
7158861325,7158861327,766496818,Unnamed Road,service,1.0,53.035714285714285,False,True,10.099809304948332,no,parking_aisle,Other,no,no marking,asphalt,no,no,42.9509554,-79.8535837,4,sidewalk,1,Not Busy,2,Not Pedestrian Friendly
7158861325,7158840220,689055787,Unnamed Road,footway,1.0,53.035714285714285,False,False,49.6849934,no,Other,Other,no,no marking,no,no,no,42.9509554,-79.8535837,4,sidewalk,1,Not Busy,1,Not Pedestrian Friendly
7158861326,11339644326,766496807,Talbot Street East,service,1.0,53.035714285714285,False,True,8.678642084369658,no,parking_aisle,Other,no,no marking,asphalt,no,no,42.9508875,-79.8535507,4,sidewalk,1,Not Busy,2,Not Pedestrian Friendly
7158861326,7158861325,766496818,Talbot Street East,service,1.0,53.035714285714285,False,True,8.013627557129553,no,parking_aisle,Other,no,no marking,asphalt,no,no,42.9508875,-79.8535507,4,sidewalk,1,Not Busy,2,Not Pedestrian Friendly
7158861326,811765499,766496825,Talbot Street East,primary,2.0,50.0,False,False,49.658054000810345,no,Other,Other,no,no marking,asphalt,yes,no,42.9508875,-79.8535507,4,sidewalk,0,Not Busy,3,Not Pedestrian Friendly
7158861326,811762852,766496825,Talbot Street East,primary,2.0,50.0,False,True,70.86706242161644,no,Other,Other,no,no marking,asphalt,yes,no,42.9508875,-79.8535507,4,sidewalk,0,Not Busy,3,Not Pedestrian Friendly
7158861327,7158861325,766496818,Unnamed Road,service,1.0,53.035714285714285,False,False,10.099809304948332,no,parking_aisle,Other,no,no marking,asphalt,no,no,42.951041,-79.8536252,3,sidewalk,1,Not Busy,2,Not Pedestrian Friendly
7158861327,7158861328,766496819,Unnamed Road,service,1.0,53.035714285714285,False,False,47.75837273,no,parking_aisle,Other,no,no marking,asphalt,no,no,42.951041,-79.8536252,3,sidewalk,1,Not Busy,2,Not Pedestrian Friendly
7158861327,7158861331,766496819,Unnamed Road,service,1.0,53.035714285714285,False,True,70.86771436851426,no,parking_aisle,Other,no,no marking,asphalt,no,no,42.951041,-79.8536252,3,sidewalk,1,Not Busy,2,Not Pedestrian Friendly
7158861328,7158861332,766496820,Unnamed Road,service,1.0,53.035714285714285,False,False,20.10607302327909,no,parking_aisle,Other,no,no marking,asphalt,no,no,42.9512846,-79.853357,4,sidewalk,1,Not Busy,2,Not Pedestrian Friendly
7158861328,7158861320,766496817,Unnamed Road,service,1.0,53.035714285714285,False,True,35.407555925212286,no,parking_aisle,Other,no,no marking,asphalt,no,no,42.9512846,-79.853357,4,sidewalk,1,Not Busy,2,Not Pedestrian Friendly
7158861328,7158861327,766496819,Unnamed Road,service,1.0,53.035714285714285,False,True,47.75837273,no,parking_aisle,Other,no,no marking,asphalt,no,no,42.9512846,-79.853357,4,sidewalk,1,Not Busy,2,Not Pedestrian Friendly
7158861328,7158861331,766496820,Unnamed Road,service,1.0,53.035714285714285,False,True,81.35848617627722,no,parking_aisle,Other,no,no marking,asphalt,no,no,42.9512846,-79.853357,4,sidewalk,1,Not Busy,2,Not Pedestrian Friendly
7158861331,7158861324,766496820,Unnamed Road,service,1.0,53.035714285714285,False,True,3.854118425110109,no,parking_aisle,Other,no,no marking,asphalt,no,no,42.9510865,-79.8542791,3,sidewalk,1,Not Busy,2,Not Pedestrian Friendly
7158861331,7158861327,766496819,Unnamed Road,service,1.0,53.035714285714285,False,False,70.86771436851426,no,parking_aisle,Other,no,no marking,asphalt,no,no,42.9510865,-79.8542791,3,sidewalk,1,Not Busy,2,Not Pedestrian Friendly
7158861331,7158861328,766496820,Unnamed Road,service,1.0,53.035714285714285,False,False,81.35848617627722,no,parking_aisle,Other,no,no marking,asphalt,no,no,42.9510865,-79.8542791,3,sidewalk,1,Not Busy,2,Not Pedestrian Friendly
7158861332,7158861319,67223622,Thorburn Street North,residential,2.0,53.035714285714285,False,False,34.89457939087965,no,Other,Other,no,no marking,asphalt,no,no,42.9513449,-79.8531241,3,sidewalk,1,Not Busy,2,Not Pedestrian Friendly
7158861332,7158861315,67223622,Thorburn Street North,residential,2.0,53.035714285714285,False,True,3.209639532220116,no,Other,Other,no,no marking,asphalt,no,no,42.9513449,-79.8531241,3,sidewalk,1,Not Busy,2,Not Pedestrian Friendly
7158861332,7158861328,766496820,Thorburn Street North,service,1.0,53.035714285714285,False,True,20.10607302327909,no,parking_aisle,Other,no,no marking,asphalt,no,no,42.9513449,-79.8531241,3,sidewalk,1,Not Busy,2,Not Pedestrian Friendly
7158861335,811755817,67224605,Winnett Street North,residential,2.0,53.035714285714285,False,False,61.06509738799529,no,Other,Other,no,no marking,asphalt,no,no,42.9510304,-79.8545314,3,sidewalk,1,Not Busy,2,Not Pedestrian Friendly
7158861335,7158840218,766496820,Winnett Street North,service,1.0,53.035714285714285,False,False,4.175897139245556,no,parking_aisle,Other,no,no marking,asphalt,no,no,42.9510304,-79.8545314,3,sidewalk,1,Not Busy,2,Not Pedestrian Friendly
7158861335,6463584778,67224605,Winnett Street North,residential,2.0,53.035714285714285,False,True,32.94901234348017,no,Other,Other,no,no marking,asphalt,no,no,42.9510304,-79.8545314,3,sidewalk,1,Not Busy,2,Not Pedestrian Friendly
7158861336,6463584711,689055768,Unnamed Road,footway,1.0,53.035714285714285,False,True,79.70338452679161,no,Other,Other,no,no marking,no,no,no,42.9501632,-79.8561242,4,sidewalk,1,Not Busy,1,Not Pedestrian Friendly
7158861336,7158861345,766496822,Unnamed Road,service,1.0,53.035714285714285,False,True,8.360405285675094,no,parking_aisle,Other,no,no marking,asphalt,no,no,42.9501632,-79.8561242,4,sidewalk,1,Not Busy,2,Not Pedestrian Friendly
7158861336,6463584730,689055768,Unnamed Road,footway,1.0,53.035714285714285,False,False,22.091528486981808,no,Other,Other,no,no marking,no,no,no,42.9501632,-79.8561242,4,sidewalk,1,Not Busy,1,Not Pedestrian Friendly
7158861336,7158861343,766496822,Unnamed Road,service,1.0,53.035714285714285,False,False,66.31028300712764,no,parking_aisle,Other,no,no marking,asphalt,no,no,42.9501632,-79.8561242,4,sidewalk,1,Not Busy,2,Not Pedestrian Friendly
7158861337,7158861342,766496821,Unnamed Road,service,1.0,53.035714285714285,False,True,5.7248148985394325,no,parking_aisle,Other,no,no marking,asphalt,no,no,42.9501272,-79.8556111,4,sidewalk,1,Not Busy,2,Not Pedestrian Friendly
7158861337,6463601997,689056868,Unnamed Road,footway,1.0,53.035714285714285,False,False,74.26936953893822,no,Other,Other,no,no marking,no,no,no,42.9501272,-79.8556111,4,sidewalk,1,Not Busy,1,Not Pedestrian Friendly
7158861337,6463601997,689056869,Unnamed Road,footway,1.0,53.035714285714285,False,False,74.26936953893822,no,Other,Other,marked,lines,no,no,no,42.9501272,-79.8556111,4,sidewalk,1,Not Busy,2,Not Pedestrian Friendly
7158861337,6463584732,689056868,Unnamed Road,footway,1.0,53.035714285714285,False,True,16.83951084123736,no,Other,Other,no,no marking,no,no,no,42.9501272,-79.8556111,4,sidewalk,1,Not Busy,1,Not Pedestrian Friendly
7158861337,7158861338,766496821,Unnamed Road,service,1.0,53.035714285714285,False,False,71.71429140846122,no,parking_aisle,Other,no,no marking,asphalt,no,no,42.9501272,-79.8556111,4,sidewalk,1,Not Busy,2,Not Pedestrian Friendly
7158861338,6463584733,689056885,Unnamed Road,footway,1.0,53.035714285714285,False,False,52.21819123759459,no,Other,Other,no,no marking,no,no,no,42.9504343,-79.8550281,4,sidewalk,1,Not Busy,1,Not Pedestrian Friendly
7158861338,7158861339,766496821,Unnamed Road,service,1.0,53.035714285714285,False,False,8.163152673,no,parking_aisle,Other,no,no marking,asphalt,no,no,42.9504343,-79.8550281,4,sidewalk,1,Not Busy,2,Not Pedestrian Friendly
7158861338,6463602062,689056884,Unnamed Road,footway,1.0,53.035714285714285,False,True,59.08522662415397,no,Other,Other,marked,lines,no,no,no,42.9504343,-79.8550281,4,sidewalk,1,Not Busy,2,Not Pedestrian Friendly
7158861338,6463602062,689056885,Unnamed Road,footway,1.0,53.035714285714285,False,True,59.08522662415397,no,Other,Other,no,no marking,no,no,no,42.9504343,-79.8550281,4,sidewalk,1,Not Busy,1,Not Pedestrian Friendly
7158861338,7158861337,766496821,Unnamed Road,service,1.0,53.035714285714285,False,True,71.71429140846122,no,parking_aisle,Other,no,no marking,asphalt,no,no,42.9504343,-79.8550281,4,sidewalk,1,Not Busy,2,Not Pedestrian Friendly
7158861339,7158861338,766496821,Talbot Street East,service,1.0,53.035714285714285,False,True,8.163152673,no,parking_aisle,Other,no,no marking,asphalt,no,no,42.9505036,-79.8550612,3,sidewalk,1,Not Busy,2,Not Pedestrian Friendly
7158861339,811762852,766496825,Talbot Street East,primary,2.0,50.0,False,False,59.281845420457934,no,Other,Other,no,no marking,asphalt,yes,no,42.9505036,-79.8550612,3,sidewalk,0,Not Busy,3,Not Pedestrian Friendly
7158861339,3912827460,244291656,Talbot Street East,primary,3.0,50.0,False,True,51.994957336471785,no,Other,Other,no,no marking,asphalt,yes,no,42.9505036,-79.8550612,3,sidewalk,1,Not Busy,3,Not Pedestrian Friendly
7158861339,3912827460,766496825,Talbot Street East,primary,3.0,50.0,False,True,51.994957336471785,no,Other,Other,no,no marking,asphalt,yes,no,42.9505036,-79.8550612,3,sidewalk,1,Not Busy,3,Not Pedestrian Friendly
7158861342,3912827458,67223482,Munsee Street South,residential,2.0,50.0,False,False,16.434449124764754,no,Other,Other,no,no marking,asphalt,no,no,42.9501092,-79.855677,3,sidewalk,0,Not Busy,2,Not Pedestrian Friendly
7158861342,7158861343,67223482,Munsee Street South,residential,2.0,50.0,False,True,16.842284260312542,no,Other,Other,no,no marking,asphalt,no,no,42.9501092,-79.855677,3,sidewalk,0,Not Busy,2,Not Pedestrian Friendly
7158861342,7158861337,766496821,Munsee Street South,service,1.0,53.035714285714285,False,False,5.7248148985394325,no,parking_aisle,Other,no,no marking,asphalt,no,no,42.9501092,-79.855677,3,sidewalk,1,Not Busy,2,Not Pedestrian Friendly
7158861343,7158861342,67223482,Munsee Street South,residential,2.0,50.0,False,False,16.842284260312542,no,Other,Other,no,no marking,asphalt,no,no,42.9499654,-79.855612,3,sidewalk,0,Not Busy,2,Not Pedestrian Friendly
7158861343,811772584,67223482,Munsee Street South,residential,2.0,50.0,False,True,57.04321235675033,no,Other,Other,no,no marking,asphalt,no,no,42.9499654,-79.855612,3,sidewalk,0,Not Busy,2,Not Pedestrian Friendly
7158861343,7158861336,766496822,Munsee Street South,service,1.0,53.035714285714285,False,True,66.31028300712764,no,parking_aisle,Other,no,no marking,asphalt,no,no,42.9499654,-79.855612,3,sidewalk,1,Not Busy,2,Not Pedestrian Friendly
7158861345,7158861336,766496822,Talbot Street West,service,1.0,53.035714285714285,False,False,8.360405285675094,no,parking_aisle,Other,no,no marking,asphalt,no,no,42.9502345,-79.8561568,3,sidewalk,1,Not Busy,2,Not Pedestrian Friendly
7158861345,7158861352,766496824,Talbot Street West,primary,3.0,50.0,False,False,12.596264551533618,no,Other,Other,no,no marking,asphalt,no,no,42.9502345,-79.8561568,3,sidewalk,1,Not Busy,2,Not Pedestrian Friendly
7158861345,811778283,766496824,Talbot Street West,primary,3.0,50.0,False,True,88.57272430920325,no,Other,Other,no,no marking,asphalt,no,no,42.9502345,-79.8561568,3,sidewalk,1,Not Busy,2,Not Pedestrian Friendly
7158861345,811778283,67222870,Talbot Street West,primary,3.0,50.0,False,True,88.57272430920325,no,Other,Other,no,no marking,asphalt,no,no,42.9502345,-79.8561568,3,sidewalk,1,Not Busy,2,Not Pedestrian Friendly
7158861348,6463584763,67222638,Munsee Street North,secondary,2.0,50.0,False,False,52.82657764080116,no,Other,Other,no,no marking,asphalt,yes,right,42.9506745,-79.8559356,3,sidewalk,0,Not Busy,4,Pedestrian Friendly
7158861348,3912827461,766496823,Munsee Street North,secondary,3.0,50.0,False,True,31.760146080553785,no,Other,Other,no,no marking,asphalt,yes,right,42.9506745,-79.8559356,3,sidewalk,1,Not Busy,4,Pedestrian Friendly
7158861348,11339644325,766496826,Munsee Street North,service,1.0,53.035714285714285,False,True,53.81822030335147,no,parking_aisle,destination,no,no marking,asphalt,no,no,42.9506745,-79.8559356,3,sidewalk,1,Not Busy,2,Not Pedestrian Friendly
7158861352,3912827459,766496824,Talbot Street West,primary,3.0,50.0,False,False,10.001246791096266,no,Other,Other,no,no marking,asphalt,no,no,42.9502743,-79.8560119,3,sidewalk,1,Not Busy,2,Not Pedestrian Friendly
7158861352,7158861345,766496824,Talbot Street West,primary,3.0,50.0,False,True,12.596264551533618,no,Other,Other,no,no marking,asphalt,no,no,42.9502743,-79.8560119,3,sidewalk,1,Not Busy,2,Not Pedestrian Friendly
7158861352,11339644325,766496826,Talbot Street West,service,1.0,53.035714285714285,False,False,8.020754752933634,no,parking_aisle,destination,no,no marking,asphalt,no,no,42.9502743,-79.8560119,3,sidewalk,1,Not Busy,2,Not Pedestrian Friendly
7158861357,7158861381,67225552,Ouse Street North,residential,2.0,53.035714285714285,False,False,32.90663153961313,no,Other,Other,no,no marking,asphalt,no,no,42.9493746,-79.8598781,3,sidewalk,1,Not Busy,2,Not Pedestrian Friendly
7158861357,811766886,67225552,Ouse Street North,residential,2.0,53.035714285714285,False,True,9.942695448,no,Other,Other,no,no marking,asphalt,no,no,42.9493746,-79.8598781,3,sidewalk,1,Not Busy,2,Not Pedestrian Friendly
7158861357,6463579910,689055738,Ouse Street North,footway,1.0,53.035714285714285,False,False,96.28815292768316,no,Other,Other,no,no marking,no,no,no,42.9493746,-79.8598781,3,sidewalk,1,Not Busy,1,Not Pedestrian Friendly
7158861357,6463579910,689055740,Ouse Street North,footway,1.0,53.035714285714285,False,False,96.28815292768316,no,Other,Other,no,no marking,no,no,no,42.9493746,-79.8598781,3,sidewalk,1,Not Busy,1,Not Pedestrian Friendly
7158861367,811751988,766496830,Unnamed Road,service,1.0,53.035714285714285,False,False,9.321749149,no,parking_aisle,Other,no,no marking,asphalt,no,no,42.9506024,-79.8592396,4,sidewalk,1,Not Busy,2,Not Pedestrian Friendly
7158861367,7158861373,766496830,Unnamed Road,service,1.0,53.035714285714285,False,True,50.64867563753354,no,parking_aisle,Other,no,no marking,asphalt,no,no,42.9506024,-79.8592396,4,sidewalk,1,Not Busy,2,Not Pedestrian Friendly
7158861367,811767501,689055747,Unnamed Road,footway,1.0,53.035714285714285,False,False,24.33505347468597,no,Other,Other,no,no marking,no,no,no,42.9506024,-79.8592396,4,sidewalk,1,Not Busy,1,Not Pedestrian Friendly
7158861367,6463579953,689055747,Unnamed Road,footway,1.0,53.035714285714285,False,True,52.37612673661405,no,Other,Other,no,no marking,no,no,no,42.9506024,-79.8592396,4,sidewalk,1,Not Busy,1,Not Pedestrian Friendly
7158861372,811767501,766496829,Unnamed Road,service,1.0,53.035714285714285,False,False,21.317488190612885,no,parking_aisle,Other,no,no marking,asphalt,no,no,42.9507304,-79.8594703,1,sidewalk,1,Not Busy,2,Not Pedestrian Friendly
7158861373,7158861367,766496830,Unnamed Road,service,1.0,53.035714285714285,False,False,50.64867563753354,no,parking_aisle,Other,no,no marking,asphalt,no,no,42.9510534,-79.8591524,1,sidewalk,1,Not Busy,2,Not Pedestrian Friendly
7158861376,811751988,67223822,King Street,residential,2.0,53.035714285714285,False,False,20.474004221539005,no,Other,Other,no,no marking,asphalt,no,no,42.950501,-79.8590054,3,sidewalk,1,Not Busy,2,Not Pedestrian Friendly
7158861376,6463579914,67223822,King Street,residential,2.0,53.035714285714285,False,True,31.65060443604113,no,Other,Other,no,no marking,asphalt,no,no,42.950501,-79.8590054,3,sidewalk,1,Not Busy,2,Not Pedestrian Friendly
7158861376,7158861381,766496831,King Street,service,1.0,53.035714285714285,False,True,143.6570719389006,no,alley,private,no,no marking,gravel,no,no,42.950501,-79.8590054,3,sidewalk,1,Not Busy,1,Not Pedestrian Friendly
7158861381,811768306,67225552,Ouse Street North,residential,2.0,53.035714285714285,False,False,99.89534572264368,no,Other,Other,no,no marking,asphalt,no,no,42.9496698,-79.8598646,3,sidewalk,1,Not Busy,2,Not Pedestrian Friendly
7158861381,7158861357,67225552,Ouse Street North,residential,2.0,53.035714285714285,False,True,32.90663153961313,no,Other,Other,no,no marking,asphalt,no,no,42.9496698,-79.8598646,3,sidewalk,1,Not Busy,2,Not Pedestrian Friendly
7158861381,7158861376,766496831,Ouse Street North,service,1.0,53.035714285714285,False,False,143.6570719389006,no,alley,private,no,no marking,gravel,no,no,42.9496698,-79.8598646,3,sidewalk,1,Not Busy,1,Not Pedestrian Friendly
7158861392,7158861393,766496832,Unnamed Road,service,1.0,53.035714285714285,False,True,109.80397924645216,no,parking_aisle,Other,no,no marking,asphalt,no,no,42.9457859,-79.8510495,3,sidewalk,1,Not Busy,2,Not Pedestrian Friendly
7158861392,7158861393,766496833,Unnamed Road,service,1.0,53.035714285714285,False,False,238.8842218323801,no,parking_aisle,Other,no,no marking,asphalt,no,no,42.9457859,-79.8510495,3,sidewalk,1,Not Busy,2,Not Pedestrian Friendly
7158861392,811754844,766496832,Unnamed Road,service,1.0,53.035714285714285,False,False,36.39507577566257,no,parking_aisle,Other,no,no marking,asphalt,no,no,42.9457859,-79.8510495,3,sidewalk,1,Not Busy,2,Not Pedestrian Friendly
7158861393,7158861392,766496832,Unnamed Road,service,1.0,53.035714285714285,False,False,109.80397924645216,no,parking_aisle,Other,no,no marking,asphalt,no,no,42.9467328,-79.8514323,3,sidewalk,1,Not Busy,2,Not Pedestrian Friendly
7158861393,7158861392,766496833,Unnamed Road,service,1.0,53.035714285714285,False,True,238.8842218323801,no,parking_aisle,Other,no,no marking,asphalt,no,no,42.9467328,-79.8514323,3,sidewalk,1,Not Busy,2,Not Pedestrian Friendly
7158861393,7158861394,766496833,Unnamed Road,service,1.0,53.035714285714285,False,False,32.83926538241592,no,parking_aisle,Other,no,no marking,asphalt,no,no,42.9467328,-79.8514323,3,sidewalk,1,Not Busy,2,Not Pedestrian Friendly
7158861394,811779502,67222714,Thorburn Street South,secondary,2.0,53.035714285714285,False,False,88.15825120491218,no,Other,Other,no,no marking,asphalt,no,no,42.9468241,-79.8510486,3,sidewalk,1,Not Busy,2,Not Pedestrian Friendly
7158861394,811754844,67222714,Thorburn Street South,secondary,2.0,53.035714285714285,False,True,112.32887851943006,no,Other,Other,no,no marking,asphalt,no,no,42.9468241,-79.8510486,3,sidewalk,1,Not Busy,2,Not Pedestrian Friendly
7158861394,7158861393,766496833,Thorburn Street South,service,1.0,53.035714285714285,False,True,32.83926538241592,no,parking_aisle,Other,no,no marking,asphalt,no,no,42.9468241,-79.8510486,3,sidewalk,1,Not Busy,2,Not Pedestrian Friendly
7158861396,7158861398,766496834,Unnamed Road,service,1.0,53.035714285714285,False,True,68.62907349004539,no,parking_aisle,Other,no,no marking,asphalt,no,no,42.9517572,-79.8488943,1,sidewalk,1,Not Busy,2,Not Pedestrian Friendly
7158861398,811779772,67222822,Talbot Street East,primary,2.0,50.0,False,False,301.7649929256433,no,Other,Other,no,no marking,asphalt,no,no,42.9519032,-79.8494656,3,sidewalk,0,Not Busy,2,Not Pedestrian Friendly
7158861398,811755655,67222822,Talbot Street East,primary,2.0,50.0,False,True,62.31670075386815,no,Other,Other,no,no marking,asphalt,no,no,42.9519032,-79.8494656,3,sidewalk,0,Not Busy,2,Not Pedestrian Friendly
7158861398,7158861396,766496834,Talbot Street East,service,1.0,53.035714285714285,False,False,68.62907349004539,no,parking_aisle,Other,no,no marking,asphalt,no,no,42.9519032,-79.8494656,3,sidewalk,1,Not Busy,2,Not Pedestrian Friendly
7158861399,4087046832,406657489,Unnamed Road,service,1.0,53.035714285714285,False,False,29.902575300060104,no,parking_aisle,Other,no,no marking,no,no,no,42.9511566,-79.8500042,3,sidewalk,1,Not Busy,1,Not Pedestrian Friendly
7158861399,4087046842,406657489,Unnamed Road,service,1.0,53.035714285714285,False,True,30.412183539852798,no,parking_aisle,Other,no,no marking,no,no,no,42.9511566,-79.8500042,3,sidewalk,1,Not Busy,1,Not Pedestrian Friendly
7158861399,7158861401,766496835,Unnamed Road,service,1.0,53.035714285714285,False,True,74.87732719,no,parking_aisle,Other,no,no marking,concrete,no,no,42.9511566,-79.8500042,3,sidewalk,1,Not Busy,2,Not Pedestrian Friendly
7158861401,7158861402,766496836,Unnamed Road,service,1.0,53.035714285714285,False,False,25.61719166657866,no,parking_aisle,Other,no,no marking,concrete,no,no,42.9513553,-79.8506004,3,sidewalk,1,Not Busy,2,Not Pedestrian Friendly
7158861401,7158861403,766496836,Unnamed Road,service,1.0,53.035714285714285,False,True,44.47848556247629,no,parking_aisle,Other,no,no marking,concrete,no,no,42.9513553,-79.8506004,3,sidewalk,1,Not Busy,2,Not Pedestrian Friendly
7158861401,7158861399,766496835,Unnamed Road,service,1.0,53.035714285714285,False,False,74.87732719,no,parking_aisle,Other,no,no marking,concrete,no,no,42.9513553,-79.8506004,3,sidewalk,1,Not Busy,2,Not Pedestrian Friendly
7158861402,7158861401,766496836,Unnamed Road,service,1.0,53.035714285714285,False,True,25.61719166657866,no,parking_aisle,Other,no,no marking,concrete,no,no,42.9512831,-79.8508993,1,sidewalk,1,Not Busy,2,Not Pedestrian Friendly
7158861403,4087046842,406657487,Unnamed Road,service,1.0,53.035714285714285,False,False,7.434661950511945,no,parking_aisle,Other,no,no marking,asphalt,no,no,42.9514806,-79.8500814,3,sidewalk,1,Not Busy,2,Not Pedestrian Friendly
7158861403,811755655,406657487,Unnamed Road,service,1.0,53.035714285714285,False,True,28.299556443139384,no,parking_aisle,Other,no,no marking,asphalt,no,no,42.9514806,-79.8500814,3,sidewalk,1,Not Busy,2,Not Pedestrian Friendly
7158861403,7158861401,766496836,Unnamed Road,service,1.0,53.035714285714285,False,False,44.47848556247629,no,parking_aisle,Other,no,no marking,concrete,no,no,42.9514806,-79.8500814,3,sidewalk,1,Not Busy,2,Not Pedestrian Friendly
7158861422,811766415,766496840,Cayuga Street North,residential,2.0,53.035714285714285,False,False,70.33352053502881,no,Other,Other,no,no marking,asphalt,no,no,42.9509362,-79.8584243,3,sidewalk,1,Not Busy,2,Not Pedestrian Friendly
7158861422,7158861423,766496840,Cayuga Street North,residential,2.0,53.035714285714285,False,True,11.91067613688593,no,Other,Other,no,no marking,asphalt,no,no,42.9509362,-79.8584243,3,sidewalk,1,Not Busy,2,Not Pedestrian Friendly
7158861422,6463579966,689055749,Cayuga Street North,footway,1.0,53.035714285714285,False,False,21.77240626779945,no,Other,Other,no,no marking,no,no,no,42.9509362,-79.8584243,3,sidewalk,1,Not Busy,1,Not Pedestrian Friendly
7158861423,7158861422,766496840,Cayuga Street North,residential,2.0,53.035714285714285,False,False,11.91067613688593,no,Other,Other,no,no marking,asphalt,no,no,42.9508301,-79.8584444,3,sidewalk,1,Not Busy,2,Not Pedestrian Friendly
7158861423,6463579966,689055749,Cayuga Street North,footway,1.0,53.035714285714285,False,True,23.81817365706945,no,Other,Other,no,no marking,no,no,no,42.9508301,-79.8584444,3,sidewalk,1,Not Busy,1,Not Pedestrian Friendly
7158861423,811780346,766496840,Cayuga Street North,residential,2.0,53.035714285714285,False,True,43.24356833683196,no,Other,Other,no,no marking,asphalt,no,no,42.9508301,-79.8584444,3,sidewalk,1,Not Busy,2,Not Pedestrian Friendly
7168038498,416699005,67224878,Victoria Street,residential,2.0,53.035714285714285,False,False,57.90397435857085,no,Other,Other,no,no marking,asphalt,no,no,42.9555189,-79.8588579,3,sidewalk,1,Not Busy,2,Not Pedestrian Friendly
7168038498,7168038632,67224878,Victoria Street,residential,2.0,53.035714285714285,False,True,23.54940534411057,no,Other,Other,no,no marking,asphalt,no,no,42.9555189,-79.8588579,3,sidewalk,1,Not Busy,2,Not Pedestrian Friendly
7168038498,6463579944,689055745,Victoria Street,footway,1.0,53.035714285714285,False,True,17.22826438053264,no,Other,Other,no,no marking,no,no,no,42.9555189,-79.8588579,3,sidewalk,1,Not Busy,1,Not Pedestrian Friendly
7168038590,7168038591,767730701,Highway 54 Haldimand,service,1.0,53.035714285714285,False,True,13.251712953143056,no,parking_aisle,Other,no,no marking,no,no,no,42.9615733,-79.8623708,3,sidewalk,1,Not Busy,1,Not Pedestrian Friendly
7168038590,416696374,67226303,Highway 54 Haldimand,secondary,2.0,70.0,False,True,347.96229667566934,no,Other,Other,no,no marking,asphalt,no,no,42.9615733,-79.8623708,3,sidewalk,1,Not Busy,2,Not Pedestrian Friendly
7168038591,7168038590,767730701,Unnamed Road,service,1.0,53.035714285714285,False,False,13.251712953143056,no,parking_aisle,Other,no,no marking,no,no,no,42.9616197,-79.8622208,4,sidewalk,1,Not Busy,1,Not Pedestrian Friendly
7168038591,3912831202,767730702,Unnamed Road,footway,1.0,53.035714285714285,False,False,514.7466525194135,no,Other,Other,no,no marking,asphalt,no,no,42.9616197,-79.8622208,4,sidewalk,2,Not Busy,2,Not Pedestrian Friendly
7168038632,7168038498,67224878,Victoria Street,residential,2.0,53.035714285714285,False,False,23.54940534411057,no,Other,Other,no,no marking,asphalt,no,no,42.9554574,-79.8591348,3,sidewalk,1,Not Busy,2,Not Pedestrian Friendly
7168038632,811765587,67224878,Victoria Street,residential,2.0,53.035714285714285,False,True,25.800399552354587,no,Other,Other,no,no marking,asphalt,no,no,42.9554574,-79.8591348,3,sidewalk,1,Not Busy,2,Not Pedestrian Friendly
7168038632,705613710,687284961,"['Grand Vista Trail', 'Grand Vista']",footway,1.0,53.035714285714285,False,False,570.9200535015549,yes,Other,Other,no,no marking,no,no,no,42.9554574,-79.8591348,3,sidewalk,3,Busy,1,Not Pedestrian Friendly
7168038632,705613710,1330449866,"['Grand Vista Trail', 'Grand Vista']",footway,1.0,53.035714285714285,False,False,570.9200535015549,yes,Other,Other,no,no marking,no,no,no,42.9554574,-79.8591348,3,sidewalk,3,Busy,1,Not Pedestrian Friendly
7168038632,705613710,687284959,"['Grand Vista Trail', 'Grand Vista']",footway,1.0,53.035714285714285,False,False,570.9200535015549,yes,Other,Other,no,no marking,no,no,no,42.9554574,-79.8591348,3,sidewalk,3,Busy,1,Not Pedestrian Friendly
7270847024,7270847031,67222947,River Road,residential,2.0,53.035714285714285,False,False,49.88944292289574,no,Other,Other,no,no marking,asphalt,no,none,42.9457178,-79.866779,3,sidewalk,1,Not Busy,2,Not Pedestrian Friendly
7270847024,7270847031,778727312,River Road,service,1.0,53.035714285714285,False,False,213.28153877167009,no,Other,Other,no,no marking,no,no,no,42.9457178,-79.866779,3,sidewalk,1,Not Busy,1,Not Pedestrian Friendly
7270847024,811779065,67222947,River Road,residential,2.0,53.035714285714285,False,True,484.70041900079417,no,Other,Other,no,no marking,asphalt,no,none,42.9457178,-79.866779,3,sidewalk,1,Not Busy,2,Not Pedestrian Friendly
7270847031,7270847024,67222947,River Road,residential,2.0,53.035714285714285,False,True,49.88944292289574,no,Other,Other,no,no marking,asphalt,no,none,42.9460443,-79.8671994,3,sidewalk,1,Not Busy,2,Not Pedestrian Friendly
7270847031,7270847024,778727312,River Road,service,1.0,53.035714285714285,False,True,213.28153877167009,no,Other,Other,no,no marking,no,no,no,42.9460443,-79.8671994,3,sidewalk,1,Not Busy,1,Not Pedestrian Friendly
7270847031,416699079,67222947,River Road,residential,2.0,53.035714285714285,False,False,171.98499082916172,no,Other,Other,no,no marking,asphalt,no,none,42.9460443,-79.8671994,3,sidewalk,1,Not Busy,2,Not Pedestrian Friendly
9525603768,811778283,67222870,Talbot Street West,primary,2.0,50.0,False,False,70.36419696,no,Other,Other,no,no marking,asphalt,no,no,42.9497664,-79.8580018,3,sidewalk,0,Not Busy,2,Not Pedestrian Friendly
9525603768,6463579973,67222870,Talbot Street West,primary,2.0,50.0,False,True,46.396357681682986,no,Other,Other,no,no marking,asphalt,no,no,42.9497664,-79.8580018,3,sidewalk,0,Not Busy,2,Not Pedestrian Friendly
9525603768,9525603769,1033983667,Talbot Street West,service,1.0,53.035714285714285,False,True,7.068802436475011,no,parking_aisle,destination,no,no marking,asphalt,no,no,42.9497664,-79.8580018,3,sidewalk,1,Not Busy,2,Not Pedestrian Friendly
9525603769,9525603768,1033983667,Unnamed Road,service,1.0,53.035714285714285,False,False,7.068802436475011,no,parking_aisle,destination,no,no marking,asphalt,no,no,42.9497064,-79.8579731,4,sidewalk,1,Not Busy,2,Not Pedestrian Friendly
9525603769,6463584712,689055761,Unnamed Road,footway,1.0,53.035714285714285,False,False,70.10695299025575,no,Other,Other,no,no marking,no,no,no,42.9497064,-79.8579731,4,sidewalk,1,Not Busy,1,Not Pedestrian Friendly
9525603769,6463584712,689055762,Unnamed Road,footway,1.0,53.035714285714285,False,False,70.10695299025575,no,Other,Other,marked,lines,no,no,no,42.9497064,-79.8579731,4,sidewalk,1,Not Busy,2,Not Pedestrian Friendly
9525603769,6463579974,689055761,Unnamed Road,footway,1.0,53.035714285714285,False,True,51.39977216630583,no,Other,Other,no,no marking,no,no,no,42.9497064,-79.8579731,4,sidewalk,1,Not Busy,1,Not Pedestrian Friendly
9525603769,9525603774,1033983667,Unnamed Road,service,1.0,53.035714285714285,False,True,74.35929675338389,no,parking_aisle,destination,no,no marking,asphalt,no,no,42.9497064,-79.8579731,4,sidewalk,1,Not Busy,2,Not Pedestrian Friendly
9525603774,811756161,1033983667,Unnamed Road,service,1.0,53.035714285714285,False,True,10.46782626567278,no,parking_aisle,destination,no,no marking,asphalt,no,no,42.9492698,-79.8583166,4,sidewalk,1,Not Busy,2,Not Pedestrian Friendly
9525603774,6463579974,689055760,Unnamed Road,footway,1.0,53.035714285714285,False,False,45.17859523487899,no,Other,Other,no,no marking,no,no,no,42.9492698,-79.8583166,4,sidewalk,1,Not Busy,1,Not Pedestrian Friendly
9525603774,6463584707,689055760,Unnamed Road,footway,1.0,53.035714285714285,False,True,55.229442399700886,no,Other,Other,no,no marking,no,no,no,42.9492698,-79.8583166,4,sidewalk,1,Not Busy,1,Not Pedestrian Friendly
9525603774,9525603769,1033983667,Unnamed Road,service,1.0,53.035714285714285,False,False,74.35929675338389,no,parking_aisle,destination,no,no marking,asphalt,no,no,42.9492698,-79.8583166,4,sidewalk,1,Not Busy,2,Not Pedestrian Friendly
11339644307,6463602060,689056883,Unnamed Road,footway,1.0,53.035714285714285,False,True,86.89041826211708,no,Other,Other,no,no marking,no,no,no,42.9508473,-79.8530181,3,sidewalk,1,Not Busy,1,Not Pedestrian Friendly
11339644307,6463602063,689056883,Unnamed Road,footway,1.0,53.035714285714285,False,False,7.8686451037332175,no,Other,Other,no,no marking,no,no,no,42.9508473,-79.8530181,3,sidewalk,1,Not Busy,1,Not Pedestrian Friendly
11339644307,11339644311,1222621894,Unnamed Road,footway,1.0,53.035714285714285,False,False,35.17417547722409,no,Other,Other,no,no marking,no,no,no,42.9508473,-79.8530181,3,sidewalk,1,Not Busy,1,Not Pedestrian Friendly
11339644311,11339644326,689056883,Unnamed Road,footway,1.0,53.035714285714285,False,False,11.90713941792542,no,Other,Other,no,no marking,no,no,no,42.9508473,-79.8533813,3,sidewalk,1,Not Busy,1,Not Pedestrian Friendly
11339644311,6463602063,689056883,Unnamed Road,footway,1.0,53.035714285714285,False,True,27.37669865326143,no,Other,Other,no,no marking,no,no,no,42.9508473,-79.8533813,3,sidewalk,1,Not Busy,1,Not Pedestrian Friendly
11339644311,11339644307,1222621894,Unnamed Road,footway,1.0,53.035714285714285,False,True,35.17417547722408,no,Other,Other,no,no marking,no,no,no,42.9508473,-79.8533813,3,sidewalk,1,Not Busy,1,Not Pedestrian Friendly
11339644321,11339644323,1222621895,Unnamed Road,footway,1.0,53.035714285714285,False,False,17.563800549318717,no,Other,Other,no,no marking,no,no,no,42.9474662,-79.8573812,1,sidewalk,1,Not Busy,1,Not Pedestrian Friendly
11339644323,811757792,67222684,Seneca Street South,residential,2.0,53.035714285714285,False,False,54.18256682383443,no,Other,Other,no,no marking,asphalt,no,no,42.9474089,-79.8575819,3,sidewalk,1,Not Busy,2,Not Pedestrian Friendly
11339644323,4087050625,67222684,Seneca Street South,residential,2.0,53.035714285714285,False,True,22.36337898904468,no,Other,Other,no,no marking,asphalt,no,no,42.9474089,-79.8575819,3,sidewalk,1,Not Busy,2,Not Pedestrian Friendly
11339644323,11339644321,1222621895,Seneca Street South,footway,1.0,53.035714285714285,False,True,17.563800549318717,no,Other,Other,no,no marking,no,no,no,42.9474089,-79.8575819,3,sidewalk,1,Not Busy,1,Not Pedestrian Friendly
11339644325,6463584746,689055773,Unnamed Road,footway,1.0,53.035714285714285,False,False,92.35326639,no,Other,Other,no,no marking,no,no,no,42.9503407,-79.8560504,4,sidewalk,1,Not Busy,1,Not Pedestrian Friendly
11339644325,6463584729,689055773,Unnamed Road,footway,1.0,53.035714285714285,False,True,11.13855968068431,no,Other,Other,no,no marking,no,no,no,42.9503407,-79.8560504,4,sidewalk,1,Not Busy,1,Not Pedestrian Friendly
11339644325,7158861352,766496826,Unnamed Road,service,1.0,53.035714285714285,False,True,8.020754752933634,no,parking_aisle,destination,no,no marking,asphalt,no,no,42.9503407,-79.8560504,4,sidewalk,1,Not Busy,2,Not Pedestrian Friendly
11339644325,7158861348,766496826,Unnamed Road,service,1.0,53.035714285714285,False,False,53.81822030335147,no,parking_aisle,destination,no,no marking,asphalt,no,no,42.9503407,-79.8560504,4,sidewalk,1,Not Busy,2,Not Pedestrian Friendly
11339644326,11339644311,689056883,Unnamed Road,footway,1.0,53.035714285714285,False,True,11.90713941792542,no,Other,Other,no,no marking,no,no,no,42.9508128,-79.8535198,4,sidewalk,1,Not Busy,1,Not Pedestrian Friendly
11339644326,7158861326,766496807,Unnamed Road,service,1.0,53.035714285714285,False,False,8.678642084369658,no,parking_aisle,Other,no,no marking,asphalt,no,no,42.9508128,-79.8535198,4,sidewalk,1,Not Busy,2,Not Pedestrian Friendly
11339644326,6463602062,689056883,Unnamed Road,footway,1.0,53.035714285714285,False,False,70.68820524,no,Other,Other,no,no marking,no,no,no,42.9508128,-79.8535198,4,sidewalk,1,Not Busy,1,Not Pedestrian Friendly
11339644326,6463602062,689056884,Unnamed Road,footway,1.0,53.035714285714285,False,False,70.68820524,no,Other,Other,marked,lines,no,no,no,42.9508128,-79.8535198,4,sidewalk,1,Not Busy,2,Not Pedestrian Friendly
11339644326,7158861274,766496807,Unnamed Road,service,1.0,53.035714285714285,False,True,59.108547471706586,no,parking_aisle,Other,no,no marking,asphalt,no,no,42.9508128,-79.8535198,4,sidewalk,1,Not Busy,2,Not Pedestrian Friendly
11339644330,6463602008,689056875,Unnamed Road,footway,1.0,20.0,False,True,47.46116771819247,no,Other,Other,no,no marking,no,no,no,42.9436769,-79.8520193,4,crossing,0,Not Busy,1,Not Pedestrian Friendly
11339644330,7158861240,766496804,Unnamed Road,service,1.0,20.0,False,False,7.418492095190987,no,parking_aisle,Other,no,no marking,asphalt,no,no,42.9436769,-79.8520193,4,crossing,0,Not Busy,2,Not Pedestrian Friendly
11339644330,6463602013,689056875,Unnamed Road,footway,1.0,20.0,False,False,184.55212424023173,no,Other,Other,no,no marking,no,no,no,42.9436769,-79.8520193,4,crossing,0,Not Busy,1,Not Pedestrian Friendly
11339644330,6463602013,689056876,Unnamed Road,footway,1.0,20.0,False,False,184.55212424023173,no,Other,Other,marked,lines,no,no,no,42.9436769,-79.8520193,4,crossing,0,Not Busy,2,Not Pedestrian Friendly
11339644330,7158861234,766496804,Unnamed Road,service,1.0,20.0,False,True,65.59308048491586,no,parking_aisle,Other,no,no marking,asphalt,no,no,42.9436769,-79.8520193,4,crossing,0,Not Busy,2,Not Pedestrian Friendly
12459619671,12459630524,1346958060,Unnamed Road,path,1.0,53.035714285714285,False,True,398.6080348559617,no,Other,Other,no,no marking,no,no,no,42.9567701,-79.8643714,1,sidewalk,1,Not Busy,1,Not Pedestrian Friendly
12459619682,12459630555,1346958058,Unnamed Road,path,1.0,53.035714285714285,False,True,80.76655149595197,no,Other,Other,no,no marking,no,no,no,42.9482655,-79.863439,1,sidewalk,1,Not Busy,1,Not Pedestrian Friendly
12459630524,12459619671,1346958060,Unnamed Road,path,1.0,53.035714285714285,False,False,398.6080348559617,no,Other,Other,no,no marking,no,no,no,42.9585025,-79.8615096,1,sidewalk,1,Not Busy,1,Not Pedestrian Friendly
12459630555,12459619682,1346958058,Unnamed Road,path,1.0,53.035714285714285,False,False,80.76655149595197,no,Other,Other,no,no marking,no,no,no,42.9484481,-79.8624932,1,sidewalk,1,Not Busy,1,Not Pedestrian Friendly
